iteration,seconds,mse,rmse,mae,wmape,smape
1,57,235.04457960371542,15.33116367415453,14.83696052000781,334.64676093189905,133.14319913748344
2,114,233.69126014258026,15.286963731970461,14.771903167067379,336.31810939741234,133.66947734920277
3,172,217.91258120669815,14.761862389505538,14.240887521410423,330.54615654025395,133.28389842731016
4,229,207.50099813441008,14.404894936597422,13.821907174060044,293.3960956573123,128.05343805302957
5,286,208.48584722849031,14.439038999479513,13.558471441429708,211.48713408084362,113.81643624990092
6,344,47.74102229640037,6.909487846172129,6.346907419232262,158.67268548080656,97.20577496365141
7,401,56.94004451596467,7.545862741659477,7.3571099537158835,236.47853422658196,112.94428284562032
8,458,67.85160208696486,8.237208391619388,7.950572437690563,305.7912476034832,129.33123391940865
9,516,61.563024227555424,7.846210819724093,7.32814942504338,201.16488617766143,110.50467226350358
10,574,69.82488978700012,8.356128875681616,7.9814058419776766,290.23293970827916,136.125368383386
11,631,44.19563421375887,6.647979709186759,6.027478549237723,136.9881488463119,90.44212083230327
12,690,74.16226709279773,8.611751685504972,8.30368464760725,393.33243067613296,140.7388577130614
13,747,50.52579328128974,7.108149779041642,6.343648322368068,122.21707777039397,91.36366180853267
14,803,43.13859196116865,6.567997560989853,6.031521815178055,120.63043630356111,88.90841979018565
15,860,56.037056729102645,7.48579032094158,7.066341714575239,190.9822085020335,110.21085902493498
16,917,50.675634285669595,7.118682061004663,6.237918992407179,122.53055163656958,90.6593183865305
17,975,70.85139144539237,8.417326858652476,8.134887731493661,348.6380456354426,135.18966196795017
18,1032,60.10110250712306,7.752490084296984,7.19325195156805,184.96933589746416,107.0536969774897
19,1089,66.92440179683709,8.18073357327062,8.089009739900792,353.8941761206596,131.20251590948638
20,1147,52.436349973857745,7.241294771921507,6.275171119624528,131.34079087586224,94.1374566250941
21,1204,82.45199804423011,9.08030825711496,8.737542540208256,415.0332706598922,144.64676408001662
22,1261,56.94004451596467,7.545862741659477,7.3571099537158835,236.47853422658196,112.94428284562032
23,1318,59.523227056356596,7.715129749806972,7.428131454341093,309.50547726421223,132.1787123473301
24,1375,49.46255224831523,7.03296184038526,6.249794663899645,118.05167698477108,89.8129290499415
25,1432,45.67290104675909,6.7581729074328285,6.052536358630093,139.67391596838675,92.80910055162202
26,1489,58.07065026599346,7.620410111404337,6.968221064826995,199.09203042362844,111.77629958393635
27,1546,55.3028278522889,7.4365871105157435,7.113808908042887,210.7795232012707,109.84768618864697
28,1603,57.43879515658111,7.578838641677305,6.939600683661407,136.4195006189849,103.45512342015637
29,1660,63.4401547484652,7.964932815062862,7.768002008673548,302.0889670039713,125.88163307549792
30,1717,82.48139744853863,9.08192696780472,9.05398026143847,679.0485196078852,157.505258347286
31,1774,50.99691928120865,7.141212731827042,6.432998266069765,155.27926849133914,100.67578227764295
32,1832,60.348417908577126,7.768424416094755,7.051819818797191,162.96222270329642,106.49521235925894
33,1889,63.000343088770194,7.9372755457253845,7.623461505011094,266.8211526753883,122.08480348553772
34,1946,5.922708868484573,2.433661617498327,2.433661617498327,34.76659453569039,29.61800813650683
35,2003,62.10225887743352,7.880498643958612,7.880498643958612,394.0249321979306,132.66275903269343
36,2060,38.217413284921584,6.182023397312694,5.876215898426604,138.26390349239068,87.69533361486278
37,2118,62.10225887743352,7.880498643958612,7.880498643958612,394.0249321979306,132.66275903269343
38,2175,28.71594309792895,5.3587258838206075,4.615281848747534,80.26577128256581,63.90482719042596
39,2232,84.28781662469453,9.180839647041797,9.126215898426604,912.6215898426605,167.01361716214367
40,2289,62.88211740385846,7.929824550635308,7.2463942991907,189.00733517704776,112.4889120296877
41,2347,26.359112937037747,5.134112672803135,4.882045816043903,97.64091632087806,67.7302376085274
42,2404,82.48139744853863,9.08192696780472,9.05398026143847,679.0485196078852,157.505258347286
43,2461,60.70851434206197,7.79156687336135,7.065963607004391,187.04021312658682,117.16313753825736
44,2518,26.27808943728168,5.126215898426604,5.126215898426604,102.5243179685321,67.77922426665643
45,2576,97.62425345326797,9.880498643958612,9.880498643958612,Infinity,200.0
46,2632,56.57217842772138,7.521447894369898,6.858581243928951,192.04027483001062,111.41625968952357
47,2690,30.95115043747025,5.563375813071615,4.377643480270607,77.25253200477542,69.9845560677317
48,2747,46.62012250398098,6.827892976898582,6.612190203338887,188.91972009539677,102.7461318508555
49,2804,30.25712087066608,5.500647313786449,5.122858627233996,64.03573284042496,67.92383597251471
50,2861,51.90430533570829,7.204464264309199,5.626215898426604,125.02701996503565,105.88833622085825
51,2918,37.21525694070684,6.100430881561305,5.531129860046882,115.76783428005102,80.30644626683551
52,2975,21.787103714817505,4.667665767256424,3.9921651572326247,51.51180848042096,52.444422076022754
53,3032,59.243137683390145,7.696956390898298,7.376818472976115,245.89394909920387,118.17799368524709
54,3090,58.06744814078403,7.620200006612952,6.931913507228238,157.9493979505307,105.09139485161829
55,3147,34.608180374810736,5.882871779565719,3.792882565093271,59.88761944884112,71.01030538371698
56,3204,51.444828448591615,7.172505033012637,6.502403982023198,167.8039737296309,103.54617004804929
57,3261,52.6386556147487,7.255250210347587,6.602577913896104,173.75205036568696,106.1737745037328
58,3318,53.4232881271636,7.30912362237523,6.810607412864119,191.54833348680336,105.4975489567836
59,3375,45.85322068363105,6.771500622729873,6.313107949213302,132.90753577291164,98.66082983891889
60,3432,47.107418989192304,6.86348446411823,6.296404609807015,157.41011524517538,96.8628980835509
61,3489,58.896958530328526,7.6744353883740875,7.385981723210884,307.74923846712016,131.9717829799824
62,3546,56.57349371073919,7.52153532935525,6.847525106323739,172.11014629898088,108.58430828801362
63,3603,54.031493952876176,7.3506118080657865,6.526215898426605,181.2837749562946,112.20535853842841
64,3660,42.52050138330383,6.520774599946224,5.928110034562133,134.72977351277575,88.79782251871134
65,3717,17.02565764042847,4.126215898426604,4.126215898426604,68.77026497377673,51.17401285479738
66,3775,12.908115036545373,3.592786528106753,2.6748012358047877,36.145962646010645,35.693976020643184
67,3832,26.27808943728168,5.126215898426604,5.126215898426604,102.5243179685321,67.77922426665643
68,3889,58.21513579037605,7.629884389057023,6.893413886429088,178.2199687710935,108.73327893989119
69,3946,26.27808943728168,5.126215898426604,5.126215898426604,102.5243179685321,67.77922426665643
70,4003,61.09777599549619,7.816506636311146,7.18034547727159,171.47093677066485,109.13632933680762
71,4060,3.511066859309217,1.8737841015733956,1.8737841015733956,15.61486751311163,16.93723057006454
72,4118,20.977930259543847,4.580167055855479,4.253357271192608,73.9714308033497,57.02180580743412
73,4175,45.85322068363105,6.771500622729873,6.313107949213302,132.90753577291164,98.66082983891889
74,4232,38.217413284921584,6.182023397312694,5.876215898426604,138.26390349239068,87.69533361486278
75,4289,58.56073080876589,7.65249833771729,7.126215898426606,237.54052994755352,121.15214871281516
76,4346,17.489599237621114,4.182056819033083,3.7787855457458095,60.948153963642085,49.8242594141562
77,4403,45.51869743068484,6.746754585034559,6.311351350617176,114.75184273849412,92.91126884171557
78,4460,41.057055995524436,6.407578013221879,6.218568106939102,169.59731200743008,99.03633626472455
79,4518,58.57892507727421,7.6536870250405595,6.928517234049323,168.2725447508954,110.58349548799436
80,4575,66.42924471300536,8.150413775570254,8.064786584809607,403.23932924048034,137.0121250221259
81,4633,58.70236734560372,7.6617470165494055,6.902749385301678,166.6598841929729,107.62853297455861
82,4690,84.28781662469453,9.180839647041797,9.126215898426604,912.6215898426605,167.01361716214367
83,4747,66.84658435515931,8.175976049081804,7.9259503478191835,264.1983449273061,119.23686075099724
84,4804,67.05865046394877,8.188934635466861,7.837775653881444,313.51102615525775,129.1754696784791
85,4861,57.79325906522655,7.6021877815025425,7.173088137591985,188.76547730505223,118.50445077145726
86,4919,18.02565764042847,4.245663392266098,4.126215898426604,68.77026497377673,52.14359139510905
87,4976,NaN,NaN,NaN,NaN,NaN
88,5033,23.193945504997277,4.816009292453377,4.792882565093271,89.86654809549883,62.24415379603675
89,5090,64.26487277387383,8.016537455402664,7.2972849008665674,273.6481837824963,131.92460211003782
90,5147,24.986854999536625,4.998685327117184,4.2431249737202865,73.79347780383107,60.81609440448975
91,5204,25.551983037022236,5.054896936340269,5.054896936340269,101.09793872680537,67.15286006559771
92,5261,9.242556744629418,3.04015735524157,2.9987592008411443,46.13475693601761,37.71958119502742
93,5319,54.5959424599026,7.388906716145671,7.063875039087757,209.3000011581558,109.54148759689546
94,5376,42.86262516250517,6.546955411678406,6.310203693218721,180.29153409196346,98.1631286823491
95,5433,35.58563696940914,5.965369809945494,5.588178167264252,109.3339206638658,80.18560506192046
96,5490,40.326054867028816,6.350279904620647,5.828528506774225,111.01959060522333,89.74089897735661
97,5548,6.372452762066165,2.5243717559159475,2.20353623802017,28.43272565187316,26.478114175095353
98,5605,55.729647741915514,7.465229249119917,7.220626123850065,257.8795044232166,119.5127739035056
99,5662,60.6177346362595,7.785739183678034,7.785739183678034,389.28695918390173,132.12135551854794
100,5719,95.76069137097164,9.785739183678034,9.785739183678034,Infinity,200.0
101,5776,44.68028495782561,6.684331302219064,5.90951179363484,147.737794840871,98.46889978722808
102,5834,42.58658347417509,6.525839675794609,6.288178501272534,179.66224289350097,97.99760734256178
103,5891,47.49025067522737,6.891317049391021,6.149227608815952,136.64950241813227,101.13881753741533
104,5948,24.403128376698298,4.9399522646173715,4.40176267792287,62.8823239703267,59.2570328093555
105,6005,54.57635294195514,7.387580993935372,7.030804009328626,228.0260759782257,118.40868058839835
106,6062,6.0747384234139155,2.464698444721771,2.464698444721771,35.20997778173958,29.939187200988798
107,6120,10.545714481056054,3.2474165856963984,3.208693578554371,49.36451659314417,39.82046181758287
108,6177,6.0747384234139155,2.464698444721771,2.464698444721771,35.20997778173958,29.939187200988798
109,6234,48.45523637086011,6.960979555411732,6.550546052703294,175.7463575115518,103.48959481043526
110,6291,83.26376269804848,9.12489795548687,9.069937303975617,906.9937303975618,166.85981128764874
111,6349,29.417555802227298,5.423795331889589,5.4032706373089505,115.78437079947751,73.61775256884476
112,6406,57.33876270376279,7.572236307971562,7.3296505141293125,314.1278791769705,131.40376984662944
113,6463,51.054820218413646,7.145265580677435,6.753564641710932,186.305231495474,102.93599611760942
114,6521,62.50609531155148,7.906079642373424,7.168855464723928,268.83207992714733,131.28727394044694
115,6578,26.647560984239323,5.162127563731772,4.577576175071395,81.7424316977035,63.564503787842185
116,6635,54.67660204097224,7.394362855647013,6.876818472976115,196.48052779931757,109.25568751658932
117,6693,16.628604454232484,4.077818590157301,3.571314943724512,55.8017959956955,47.45341265094286
118,6750,56.83072042898463,7.538615285911905,6.883785928489353,177.71198094319692,109.92823819240898
119,6807,18.080852382702503,4.252158555687041,3.764134690052802,47.051683625660026,47.33134841637535
120,6864,26.133560628958673,5.112099434572715,4.835522131390595,96.71044262781191,67.25444886288469
121,6921,34.82797399791735,5.901523023586145,5.108834634722299,96.65362822447592,74.60101503684437
122,6979,62.101639452497416,7.880459342734877,7.236938474787306,198.66105617063192,113.20400925934182
123,7036,17.67883014412873,4.204620095101189,3.878211891334008,70.51294347880014,54.6186670613201
124,7093,50.348092523210376,7.0956389792047885,6.3138750390877565,153.06363731121834,101.31243578030966
125,7150,17.67883014412873,4.204620095101189,3.878211891334008,70.51294347880014,54.6186670613201
126,7207,40.33827360069123,6.3512418943613875,5.25840028912703,110.70316398162167,86.80168999158244
127,7264,NaN,NaN,NaN,NaN,NaN
128,7322,6.60521393499513,2.5700610761215636,2.24319600987892,19.5060522598167,20.744370142182795
129,7379,1.022345068376722,1.011110809148395,1.011110809148395,12.638885114354936,11.887651788202216
130,7437,19.761025946365866,4.445337551453868,3.829921938639242,52.22620825417148,52.01605578322158
131,7494,23.931665587038562,4.892000162207537,4.258846053032731,75.15610681822467,61.101840601530824
132,7551,31.205785419318858,5.586213871605603,5.566288098643173,119.27760211378227,74.99874983910648
133,7608,73.95316965830895,8.599602877942036,8.599602877942036,859.9602877942036,162.26273714155772
134,7666,70.04284841618454,8.369160556243651,7.996746488965974,285.5980888916419,126.39457114301862
135,7723,NaN,NaN,NaN,NaN,NaN
136,7781,49.14661011973125,7.010464329823757,6.6434649630905565,166.0866240772639,110.89607618836277
137,7838,26.2946545201643,5.127831366198024,4.721721563176327,94.43443126352655,69.11313502910137
138,7895,NaN,NaN,NaN,NaN,NaN
139,7952,8.393759666813361,2.8971985894676537,2.8537273287427727,43.903497365273424,36.235687213447235
140,8010,16.274776366085923,4.034200833633091,3.612987809867647,46.320356536764706,44.940171600123676
141,8067,44.709513259083074,6.686517274267904,6.206211888237604,145.45809113056885,97.19745098752145
142,8124,5.700653637783366,2.3876041627085853,2.0289764965992365,17.643273883471622,18.481014677368936
143,8181,42.91151716132249,6.550688296761074,6.550688296761074,218.35627655870246,104.38771391448856
144,8239,51.54342685112191,7.179375101714766,6.5676269224161885,184.27154674405134,107.12577464250576
145,8296,5.999127819623171,2.4493117032389264,2.4493117032389264,20.410930860324385,22.73070511262549
146,8354,NaN,NaN,NaN,NaN,NaN
147,8411,47.9593769049008,6.925270890362398,6.430678968554188,160.7669742138547,98.78666153558603
148,8468,10.799627762942468,3.2862787104782316,2.8451450265582228,43.77146194704958,37.965351463169895
149,8525,19.761025946365866,4.445337551453868,3.829921938639242,52.22620825417148,52.01605578322158
150,8583,25.2794665283687,5.027868984805461,4.104462263162874,74.62658660296135,60.855537445839545
151,8639,45.90382574331616,6.775236213101072,6.031512609531519,149.54163494706245,100.1153126478457
152,8696,41.17877459983847,6.417069003823979,5.640688112826659,120.87188813199982,101.31346465751862
153,8754,53.64467459061262,7.324252493641424,6.632581044865466,185.71226925623304,110.74735645468195
154,8811,10.3886102082496,3.223136703313963,3.184118435022416,48.98643746188333,39.577348555960775
155,8868,22.078473263376363,4.698773591414717,4.675066955793697,87.65750542113182,61.18709986891826
156,8925,26.78137001822551,5.175071981936629,5.175071981936629,103.50143963873258,68.20490852493724
157,8983,25.784472340875677,5.077841307177262,3.7352576344225903,67.91377517131983,56.34071021332352
158,9040,49.65032717601476,7.046298828180278,6.594603345115712,207.9836439613417,111.56152764656413
159,9098,22.981178066394495,4.793868799455665,3.8417386486032954,60.65903129373624,54.092655504275854
160,9155,25.084073456127715,5.00840028912703,5.00840028912703,100.16800578254059,66.74129411054435
161,9212,17.486772145777692,4.181718802810358,3.5802814610322526,62.26576453969135,49.84862165055911
162,9269,26.78137001822551,5.175071981936629,5.175071981936629,103.50143963873258,68.20490852493724
163,9326,23.572310046173595,4.855132340747634,4.232896780747825,79.36681463902173,61.22753970814788
164,9384,51.05833316323456,7.1455113996994335,6.403544380485367,142.30098623300816,103.43381917643508
165,9442,51.210196936674514,7.1561300251375055,6.418663361091339,145.05453923370257,107.0332712228872
166,9500,45.09590869615396,6.715348739727071,6.0856876658033086,114.10664373381204,97.3356412499684
167,9557,46.08350308185725,6.788483120834672,6.260241215252851,154.23782704246153,99.1158840893998
168,9614,17.882186400515437,4.228733427459744,3.749083052522378,62.48471754203963,51.32844069803145
169,9671,14.265576549168648,3.7769798184751595,3.0992395652131277,48.42561820645513,42.33014649029359
170,9728,56.7638097798024,7.534176118183222,7.243633100786349,301.81804586609786,131.29026959897604
171,9785,19.686755409150347,4.4369759306480745,4.12475169838093,74.99548542510782,56.95821121905015
172,9842,26.78137001822551,5.175071981936629,5.175071981936629,103.50143963873258,68.20490852493724
173,9900,62.73065810557086,7.920268815234168,7.059336550628772,179.6922031069142,111.81580943663528
174,9958,93.1484780959197,9.651345921472284,9.651345921472284,Infinity,200.0
175,10015,33.17457700018823,5.759737580844133,5.759737580844133,143.99343952110334,83.71871261356983
176,10072,28.95347074812976,5.380842940295671,5.252676721484441,116.72614936632091,75.14965047664037
177,10129,46.827973997917354,6.843096813425728,5.251425604665328,99.3512952233981,91.41785490042064
178,10187,42.06159273448077,6.485490940127876,6.485490940127876,324.27454700639385,123.70409696904059
179,10245,33.72833935178897,5.807610468324212,3.6750669557936964,58.027372986216264,70.23133886308558
180,10302,36.846673889818256,6.0701461176662175,5.75840028912703,135.4917715088713,86.80635290089128
181,10359,41.68225941247307,6.456179939598421,5.898753489542883,112.35720932462634,90.05152308433
182,10417,NaN,NaN,NaN,NaN,NaN
183,10474,NaN,NaN,NaN,NaN,NaN
184,10531,32.11248480907661,5.666787874014397,4.908935205813871,98.17870411627743,75.98051576272039
185,10588,65.06407454435262,8.066230504042927,7.532728608736024,229.25695765718334,118.2186701055429
186,10647,28.75634031554573,5.362493852261812,5.341733622460363,114.46572048129349,73.08846886771683
187,10703,31.170625536472972,5.583065962038508,4.954417074427407,82.57361790712345,69.75047793927827
188,10760,67.48517401470679,8.21493603229549,8.076829453115051,538.4552968743368,152.29322284787833
189,10817,5.8717554992907015,2.4231705468849487,2.4231705468849487,20.193087890707908,22.46085832165777
190,10875,51.444828448591615,7.172505033012637,6.502403982023198,167.8039737296309,103.54617004804929
191,10932,56.929006433230995,7.545131306559946,7.214483125115717,254.62881618055474,126.18764648986533
192,10989,NaN,NaN,NaN,NaN,NaN
193,11046,13.555689988013926,3.6818052620981905,2.87476845683975,47.91280761399583,38.044039318477765
194,11103,42.11890600919382,6.489908012383059,5.425071981936629,114.21204172498165,87.96426988133322
195,11161,60.2942746321833,7.764938804149283,7.064993009700185,189.54859294317566,112.03012255434403
196,11218,64.51303296327096,8.032000557972525,7.560636357486955,193.03752402094355,116.05630458818199
197,11275,47.216205907475064,6.871404944221746,6.124059929631518,136.0902206584782,100.96356734804293
198,11332,20.157997081783368,4.4897658159177265,4.4897658159177265,89.79531631835454,61.971544232764565
199,11389,61.61123815411117,7.849282652198936,7.2331308111431225,197.26720394026697,112.25260518538482
200,11446,NaN,NaN,NaN,NaN,NaN
201,11504,91.05746069408515,9.54240329760198,9.54240329760198,Infinity,200.0
202,11561,51.444828448591615,7.172505033012637,6.502403982023198,167.8039737296309,103.54617004804929
203,11619,NaN,NaN,NaN,NaN,NaN
204,11676,25.084073456127715,5.00840028912703,5.00840028912703,100.16800578254059,66.74129411054435
205,11734,NaN,NaN,NaN,NaN,NaN
206,11791,52.13946510281016,7.220766240698432,7.126708454978974,305.43036235624174,124.5634384696678
207,11848,51.453512400204275,7.173110371394286,6.64679793264115,178.95225203264636,104.28906382336103
208,11906,62.38631604788645,7.898500873449749,7.324296283791374,244.14320945971247,122.189186921149
209,11963,NaN,NaN,NaN,NaN,NaN
210,12020,81.57167441650277,9.031703849025542,9.00367545302724,675.275658977043,157.33651297544026
211,12078,53.42977464376801,7.309567336290707,6.530676298265875,154.67391232734965,105.6987564586203
212,12134,33.869587647313836,5.819758383929168,4.8840689349855815,97.68137869971163,78.2903211757644
213,12191,54.6656009681003,7.3936189358189335,7.3840689349855815,295.36275739942323,119.86159364150022
214,12249,43.84044230355159,6.621211543482929,5.188642137787907,96.5328769821006,85.59492844572416
215,12306,17.882186400515437,4.228733427459744,3.749083052522378,62.48471754203963,51.32844069803145
216,12363,57.2187604295887,7.564308324598403,7.161404769944057,231.69250726289596,119.93437531272389
217,12420,57.33876270376279,7.572236307971562,7.3296505141293125,314.1278791769705,131.40376984662944
218,12477,33.72833935178897,5.807610468324212,3.6750669557936964,58.027372986216264,70.23133886308558
219,12535,NaN,NaN,NaN,NaN,NaN
220,12592,58.34047639277081,7.638093766953297,7.110745292512805,237.02484308376017,121.06926556540523
221,12649,26.119717444941813,5.1107452925128065,5.1107452925128065,102.21490585025612,67.64385466870544
222,12707,82.15127576914395,9.06373409633932,9.00840028912703,900.840028912703,166.6899844800994
223,12764,22.915978942205047,4.787063707765444,4.763796460805481,89.32118364010276,61.984691073485884
224,12821,25.084073456127715,5.00840028912703,5.00840028912703,100.16800578254059,66.74129411054435
225,12878,22.915978942205047,4.787063707765444,4.763796460805481,89.32118364010276,61.984691073485884
226,12936,NaN,NaN,NaN,NaN,NaN
227,12993,60.46220833147188,7.77574487309556,7.675066955793696,328.931440962587,127.608966446357
228,13050,58.448320349612914,7.645150119494902,7.223340967500295,203.15646471094578,114.57143224467539
229,13108,26.678406850746903,5.1651144082921245,5.164672767704533,103.29345535409067,68.11191332029225
230,13165,65.96371697804592,8.121805032013876,7.819435920754569,296.59929354586296,128.27681453851602
231,13223,15.437060846908182,3.92900252569379,3.190838346372241,53.18063910620402,45.01168717398315
232,13280,42.14623613633663,6.492013257560141,6.249083052522378,178.54523007206794,97.6757565964817
233,13337,34.08454959702037,5.838197461290631,5.316365821634239,92.45853602842155,79.4343989432225
234,13394,34.98823246661379,5.915085161399943,5.2213756989673765,101.88050144326589,75.99951790747104
235,13452,19.424973621323083,4.407377181649318,3.164672767704533,45.20961096720762,44.272799215349494
236,13509,82.15127576914395,9.06373409633932,9.00840028912703,900.840028912703,166.6899844800994
237,13566,63.3895453709569,7.961755168991125,7.287821825697045,231.88523990854236,123.3990183374327
238,13623,43.64880038984624,6.606723877221314,6.3840689349855815,182.40196957101662,101.16002016314944
239,13680,21.14990392624712,4.598902469747224,4.249083052522378,77.25605550040687,57.99026410329613
240,13738,23.033617091735547,4.799335067666723,3.8088251098492933,60.13934383972569,53.7279804583484
241,13795,56.8461248469693,7.539636917449626,7.261320239729349,181.53300599323373,117.3561592884093
242,13852,57.18413983605089,7.562019560676294,7.227342332083734,255.08267054413182,126.17449253185757
243,13909,37.956312578426456,6.160869466108372,5.657066859589381,161.63048170255377,91.27419313659689
244,13967,58.33348693638915,7.637636213933546,7.251691777579441,230.73564746843678,116.53582115640064
245,14024,19.75740884134321,4.444930690274395,4.178280314715171,56.97654974611598,52.03762141915771
246,14081,8.47473171124747,2.911139246282711,2.8219032579148573,40.31290368449796,33.95969178270498
247,14139,53.76783528449896,7.332655404728833,6.908767068118079,172.71917670295198,113.97062951572808
248,14196,37.5028497646664,6.1239570348481704,5.977891397636064,170.7968970753161,98.91928543346202
249,14253,45.80810086543071,6.768168206053297,6.08908265339243,114.17029975110806,97.07986490433565
250,14309,83.75777049140811,9.151927146312307,9.097129794138814,909.7129794138814,166.9343053429249
251,14367,34.75412888950862,5.895263258711067,5.3410944385790255,92.88859893180914,79.47792466043431
252,14424,66.35301144267534,8.145735782768512,7.8269159653767595,335.43925565900395,134.92897123373018
253,14481,20.70528146939665,4.550305645711797,4.212809766000918,52.66012207501147,52.06002492786739
254,14538,45.80810086543071,6.768168206053297,6.08908265339243,114.17029975110806,97.07986490433565
255,14595,30.177268476023006,5.493384064128686,5.47549177651596,117.33196663962772,74.24184851538084
256,14652,NaN,NaN,NaN,NaN,NaN
257,14709,26.678406850746903,5.1651144082921245,5.164672767704533,103.29345535409067,68.11191332029225
258,14766,21.72833935178897,4.661366682829079,3.6750669557936964,58.027372986216264,52.63819840247481
259,14824,NaN,NaN,NaN,NaN,NaN
260,14881,39.13891489237969,6.256110204622333,6.072441605150925,165.61204377684342,98.08963912157078
261,14938,44.32464955473386,6.6576759875150024,5.69714051308991,100.96198377627688,83.39250881550642
262,14996,7.306219863128782,2.7030020094570375,2.7030020094570375,38.61431442081482,32.36546350083213
263,15053,NaN,NaN,NaN,NaN,NaN
264,15110,NaN,NaN,NaN,NaN,NaN
265,15167,25.084073456127715,5.00840028912703,5.00840028912703,100.16800578254059,66.74129411054435
266,15224,38.530831555815695,6.207320803359183,6.014934302157452,164.04366278611232,98.93330633974661
267,15281,43.09114053196163,6.564384246215454,5.473836556166772,136.8459139041693,93.6522736925191
268,15339,29.92809947579295,5.470658047784832,4.258846053032731,75.15610681822467,69.06903532487057
269,15395,94.64256469244481,9.72844102065921,9.72844102065921,Infinity,200.0
270,15452,37.87642682950581,6.1543827334271155,5.847129794138814,137.5795245679721,87.47717917012321
271,15510,48.106572381803204,6.935890165061958,6.312553726306941,157.81384315767352,96.83562532644359
272,15567,62.21049334240198,7.88736288897639,6.811815583109102,255.4430843665913,126.67611326919
273,15624,10.684087151267844,3.2686521918472518,2.5356684599254278,34.26578999899226,34.730591257886026
274,15681,60.050296037320436,7.74921260756991,7.027147291341188,186.01272241785497,117.00710223870132
275,15738,10.349114253722435,3.2170039250399487,3.2170039250399487,64.34007850079897,48.67977558734402
276,15795,63.3895453709569,7.961755168991125,7.287821825697045,231.88523990854236,123.3990183374327
277,15852,60.46220833147188,7.77574487309556,7.675066955793696,328.931440962587,127.608966446357
278,15909,14.629764985944867,3.8248875782099616,2.8216930857951166,38.919904631656784,38.94497335843218
279,15967,25.2794665283687,5.027868984805461,4.104462263162874,74.62658660296135,60.855537445839545
280,16025,49.58756628971379,7.041843955223219,6.785483175152793,226.1827725050931,115.18864061981876
281,16081,39.208751470435935,6.261689186668078,5.973836556166772,170.68104446190776,105.14910005684088
282,16139,NaN,NaN,NaN,NaN,NaN
283,16196,35.30378898599842,5.941699166568299,3.8088251098492933,60.13934383972569,70.81886678921737
284,16254,NaN,NaN,NaN,NaN,NaN
285,16310,95.71702971940931,9.78350804769993,9.78350804769993,Infinity,200.0
286,16368,101.95203007968573,10.097129794138814,10.097129794138814,Infinity,200.0
287,16426,33.438220453493564,5.782579048616073,4.879137134511893,75.06364822325989,81.56072918434273
288,16483,10.66060235551646,3.2650577874696887,2.8350232624135216,43.61574249866956,37.878039277075366
289,16540,NaN,NaN,NaN,NaN,NaN
290,16597,NaN,NaN,NaN,NaN,NaN
291,16654,NaN,NaN,NaN,NaN,NaN
292,16712,45.09590869615396,6.715348739727071,6.0856876658033086,114.10664373381204,97.3356412499684
293,16770,NaN,NaN,NaN,NaN,NaN
294,16827,19.424973621323083,4.407377181649318,3.164672767704533,45.20961096720762,44.272799215349494
295,16884,51.7245881036849,7.191980819196121,6.186408244527777,142.76326718141024,100.70314455162257
296,16941,52.95096638054291,7.276741467205147,5.664672767704533,125.88161706010075,105.74499836344799
297,16998,54.6656009681003,7.3936189358189335,7.3840689349855815,295.36275739942323,119.86159364150022
298,17056,NaN,NaN,NaN,NaN,NaN
299,17112,35.30378898599842,5.941699166568299,3.8088251098492933,60.13934383972569,70.81886678921737
300,17169,66.93794400528458,8.18156122053026,8.052441303701178,536.8294202467453,151.5931591523035
301,17227,44.38371364213369,6.662110299457199,5.8840689349855815,147.10172337463953,98.29852850450473
302,17284,40.779297035366994,6.385866976015629,5.347129794138814,112.57115356081712,89.02417252237173
303,17340,18.00332899436105,4.243032994729248,3.92737788454485,53.55515297106614,49.452749922914535
304,17397,17.882186400515437,4.228733427459744,3.749083052522378,62.48471754203963,51.32844069803145
305,17455,6.7689870403846415,2.60172770296675,2.60172770296675,37.16753861381071,31.34285478615359
306,17512,41.86419910294991,6.470254948837017,5.704957749149327,122.24909462462843,101.6911160885958
307,17569,18.710657912514066,4.325581800465004,4.325581800465004,86.51163600930009,60.38961433768222
308,17626,28.75634031554573,5.362493852261812,5.341733622460363,114.46572048129349,73.08846886771683
309,17683,NaN,NaN,NaN,NaN,NaN
310,17740,54.6656009681003,7.3936189358189335,7.3840689349855815,295.36275739942323,119.86159364150022
311,17797,25.084073456127715,5.00840028912703,5.00840028912703,100.16800578254059,66.74129411054435
312,17853,14.543053168640407,3.813535520831084,3.1984952037611802,49.97648755876844,43.56726904920924
313,17911,30.177268476023006,5.493384064128686,5.47549177651596,117.33196663962772,74.24184851538084
314,17968,66.84079133218417,8.175621770372219,7.61886437221074,246.4926708656416,121.82903350123378
315,18025,4.227538335173145,2.0560978418288234,1.878873040686834,18.78873040686834,18.87409648181464
316,18082,56.7526760351682,7.533437199258264,7.533437199258264,376.67185996291323,130.636462818608
317,18139,42.14623613633663,6.492013257560141,6.249083052522378,178.54523007206794,97.6757565964817
318,18195,6.418304042585558,2.5334371992582643,2.5334371992582643,36.19195998940378,30.646225206842303
319,18252,57.7526760351682,7.599518144933151,7.533437199258264,376.67185996291323,133.14090175191203
320,18310,42.685801636651675,6.533437199258264,6.533437199258264,217.78123997527547,104.25611259527301
321,18367,18.68692001111289,4.322837032680377,4.322837032680377,86.45674065360754,60.362859995082985
322,18424,37.09117460014347,6.0902524249938494,5.654772715132798,108.74562913716919,85.09790239419878
323,18482,19.686755409150347,4.4369759306480745,4.12475169838093,74.99548542510782,56.95821121905015
324,18539,58.14702909263062,7.625419928937069,7.097129794138815,236.57099313796047,120.99617219510176
325,18596,83.75777049140811,9.151927146312307,9.097129794138814,909.7129794138814,166.9343053429249
326,18654,26.678406850746903,5.1651144082921245,5.164672767704533,103.29345535409067,68.11191332029225
327,18711,43.8325520507921,6.620615685175519,5.747191857732416,114.94383715464834,94.48028702561176
328,18768,NaN,NaN,NaN,NaN,NaN
329,18824,41.98144234847625,6.479308786319437,6.051804896011304,160.19483548265217,102.54146918284906
330,18881,61.83209104037127,7.863338415734837,7.76379646080548,332.7341340345206,128.10832435048098
331,18939,29.519112821096183,5.433149438502146,4.59849520376118,91.96990407522361,73.01157041260858
332,18997,17.882186400515437,4.228733427459744,3.749083052522378,62.48471754203963,51.32844069803145
333,19053,16.603320291525144,4.074717203871349,3.6592026641572915,59.01939780898857,48.718136665784755
334,19110,39.908419622222155,6.317311106968071,5.903413456947863,138.36125289721554,95.96670339490046
335,19167,67.4593272069813,8.21336272223389,8.083965874879881,538.9310583253255,151.71292533428135
336,19224,25.19381974334745,5.019344553161045,3.6163663938118322,65.75211625112422,55.043198968742836
337,19281,6.62051817901984,2.5730367620809154,2.2741678798775355,19.77537286850031,21.097056772244756
338,19339,NaN,NaN,NaN,NaN,NaN
339,19396,72.0815562567083,8.490085762623856,8.086007394975503,383.02140291989224,139.09501157765555
340,19453,74.9678787778842,8.658399319613538,8.368789200944653,386.2518092743686,140.9331311409656
341,19510,5.197623651772601,2.279829741838763,1.918841358590918,19.850083019906048,20.222080083917216
342,19567,52.3254756127645,7.233635020704632,6.622125173324747,185.41950485309292,106.8858701362074
343,19624,57.947099430874445,7.612299221054992,7.047219735413271,225.51103153322467,116.83873694456852
344,19681,35.26478609944553,5.9384161271710765,5.502054030342843,116.71023700727244,81.43285059531668
345,19738,NaN,NaN,NaN,NaN,NaN
346,19795,NaN,NaN,NaN,NaN,NaN
347,19852,81.81794243581062,9.045327104964786,9.00840028912703,900.840028912703,165.6813603190031
348,19909,16.187359249460407,4.0233517431937775,3.5089352058138714,54.82711259084174,46.87671496599349
349,19966,NaN,NaN,NaN,NaN,NaN
350,20024,33.17457700018823,5.759737580844133,5.759737580844133,143.99343952110334,83.71871261356983
351,20081,26.654356980298317,5.162785777106999,5.162785777106999,103.25571554213997,68.09811670493757
352,20138,18.06744360127273,4.2505815603600325,3.744405754142522,46.80507192678153,47.113676307197295
353,20195,36.3949512628208,6.0328228270703255,5.647701461111607,125.50447691359128,82.52828818212463
354,20252,43.67510479362821,6.608714307157498,5.749083052522378,143.72707631305946,96.9309109106704
355,20309,42.77933937288957,6.5405916684111665,5.789492880444457,137.84506858201087,89.01138650702653
356,20366,21.14990392624712,4.598902469747224,4.249083052522378,77.25605550040687,57.99026410329613
357,20424,16.16084737651002,4.020055643459431,3.421284258487992,57.02140430813319,47.83237370844382
358,20481,1.0829583321811584,1.0406528394143546,1.0406528394143546,13.008160492679433,12.213767268438986
359,20538,44.62111320844315,6.679903682572313,6.254200144563516,131.66737146449506,98.42351294954756
360,20595,34.50287112120414,5.873914463218216,4.931889749883763,82.19816249806271,77.18433078281211
361,20653,60.21352732356476,7.759737580844133,7.759737580844133,387.9868790422067,131.97127108489656
362,20710,53.40077071611699,7.307583096764414,6.6566106872471265,143.37315326378427,101.52088934426466
363,20768,40.28723412965756,6.347222552397038,5.986223732201506,103.21075400347424,84.22155664339084
364,20825,95.25247764694129,9.759737580844133,9.759737580844133,Infinity,200.0
365,20881,60.21352732356476,7.759737580844133,7.759737580844133,387.9868790422067,131.97127108489656
366,20938,5.5818524781872085,2.362594437940462,2.362594437940462,33.751349113435175,28.87799299678589
367,20995,32.45190015966726,5.69665692838065,5.69665692838065,142.41642320951624,83.18317321034284
368,21053,47.8796022339137,6.919508814497869,6.160126720526085,129.68687832686493,90.20064998406059
369,21110,54.32739014446809,7.3707116443711245,7.091918877867012,212.75756633601034,108.8212721078478
370,21167,NaN,NaN,NaN,NaN,NaN
371,21224,NaN,NaN,NaN,NaN,NaN
372,21281,5.915619449590281,2.4322046479665893,2.4322046479665893,20.268372066388242,22.554040487381396
373,21338,74.65734589161356,8.640448245988953,8.422881886341624,421.1440943170812,140.64686668900407
374,21395,34.548158873156865,5.877768188109911,4.915989479755785,81.93315799592975,76.97138716637365
375,21452,30.649825093676125,5.536228417765665,4.288063363203626,75.67170640947575,68.95424167784537
376,21510,36.90249159924122,6.074742101459224,5.7632448845456175,135.60576198930866,86.84318850689287
377,21567,68.66366785113844,8.286354316051085,8.195344278987823,409.7672139493912,137.55747718946108
378,21623,47.407477638670706,6.885308826673696,6.3148613976975225,167.158095821405,97.51935603039892
379,21681,50.24593064774697,7.088436403590496,6.622125173324747,159.84440073542493,102.09556781562301
380,21738,26.845659827101226,5.181279748006396,5.181279748006396,103.62559496012793,68.25880076001894
381,21795,54.63123796157241,7.391294741895523,7.109886259189234,273.45716381497056,125.32457517804103
382,21852,17.247454652668658,4.153005496344624,4.0308131503046205,67.18021917174367,51.266056541614965
383,21909,23.504094015253955,4.848102104458399,4.288063363203626,75.67170640947575,61.52944290121759
384,21966,60.46220833147188,7.77574487309556,7.675066955793696,328.931440962587,127.608966446357
385,22023,25.137246635993808,5.0137058784888655,5.0137058784888655,100.2741175697773,66.78838548012766
386,22081,33.44896533780986,5.7835080476999305,5.7835080476999305,144.58770119249826,83.91924650365088
387,22137,57.33413803859477,7.571930931974668,7.0803794858842375,226.5721435482956,120.93020233016172
388,22195,40.96104579611492,6.400081702299973,4.597535183492052,78.255918016886,79.98845265163924
389,22252,3.9664694083492984,1.9915997108729702,1.9915997108729702,16.596664257274753,18.09854132703043
390,22309,18.330161183044652,4.281373749515995,3.6962346120563057,59.1397537929009,50.36265745444209
391,22366,29.850411655640013,5.463553024876762,4.135645480235086,72.9819790629721,67.41692374458287
392,22423,82.15127576914395,9.06373409633932,9.00840028912703,900.840028912703,166.6899844800994
393,22480,13.005965685179959,3.6063784722599426,3.279394535352086,51.77991371608557,41.46074981055505
394,22538,26.133560628958673,5.112099434572715,4.835522131390595,96.71044262781191,67.25444886288469
395,22595,10.140740591946752,3.184452950185754,2.7092530678656868,41.68081642870287,36.55214285819919
396,22652,NaN,NaN,NaN,NaN,NaN
397,22710,30.60434844062683,5.532119705919859,5.532119705919859,138.3029926479965,81.76279586855469
398,22767,NaN,NaN,NaN,NaN,NaN
399,22824,5.220384072694707,2.284815982238987,2.284815982238987,32.640228317699815,28.06069144079882
400,22881,17.687602046988932,4.205663092425371,3.865770453085161,70.28673551063929,54.468174318381266
401,22938,NaN,NaN,NaN,NaN,NaN
402,22996,55.68069736863231,7.4619499709279955,7.199276415234827,269.97286557130604,124.35635111815316
403,23053,4.71215119851346,2.170748994820327,2.170748994820327,31.010699926004676,26.847847252043085
404,23110,NaN,NaN,NaN,NaN,NaN
405,23167,NaN,NaN,NaN,NaN,NaN
406,23225,42.14623613633663,6.492013257560141,6.249083052522378,178.54523007206794,97.6757565964817
407,23281,NaN,NaN,NaN,NaN,NaN
408,23339,40.33827360069123,6.3512418943613875,5.25840028912703,110.70316398162167,86.80168999158244
409,23396,26.133560628958673,5.112099434572715,4.835522131390595,96.71044262781191,67.25444886288469
410,23454,41.63223504935309,6.452304630855017,5.662761878677306,121.34489740022798,101.36716754443358
411,23511,22.288538853074822,4.721073908876541,4.6974798169712875,88.07774656821164,61.389439246488784
412,23568,NaN,NaN,NaN,NaN,NaN
413,23625,60.81988938597269,7.79871075152635,7.1278091584291765,188.677301252537,117.91973927064421
414,23682,6.071809885894663,2.464104276587065,2.464104276587065,35.2014896655295,29.933049927182104
415,23739,11.154409137718524,3.3398217224454547,2.593141143200244,35.36101558909424,35.55257497288445
416,23797,25.084073456127715,5.00840028912703,5.00840028912703,100.16800578254059,66.74129411054435
417,23854,41.63223504935309,6.452304630855017,5.662761878677306,121.34489740022798,101.36716754443358
418,23911,25.137246635993808,5.0137058784888655,5.0137058784888655,100.2741175697773,66.78838548012766
419,23968,22.078473263376363,4.698773591414717,4.675066955793697,87.65750542113182,61.18709986891826
420,24025,NaN,NaN,NaN,NaN,NaN
421,24082,4.881638077850349,2.2094429338297807,2.2094429338297807,31.56347048328258,27.261182791403414
422,24141,NaN,NaN,NaN,NaN,NaN
423,24198,58.52754107828525,7.650329475145842,7.650329475145842,382.5164737572921,131.33241409981795
424,24255,23.931665587038562,4.892000162207537,4.258846053032731,75.15610681822467,61.101840601530824
425,24313,3.7544698220067283,1.9376454324789993,1.8439153927251049,22.126984712701258,21.217930859597423
426,24370,NaN,NaN,NaN,NaN,NaN
427,24427,NaN,NaN,NaN,NaN,NaN
428,24485,56.7638097798024,7.534176118183222,7.243633100786349,301.81804586609786,131.29026959897604
429,24541,83.56450644166563,9.141362395270502,9.086501331187138,908.6501331187138,166.9052284826322
430,24599,6.488413664562465,2.547236475979893,2.5366227574577076,39.02496549934934,32.88150446143652
431,24656,32.152969580988305,5.670358858219496,5.670358858219496,141.7589714554874,82.95844925548698
432,24713,57.2924901714794,7.569180283985803,7.2259326261087935,249.17009055547564,123.64170301825052
433,24771,75.17512273030528,8.670358858219496,8.670358858219496,867.0358858219496,162.5129758694221
434,24828,64.38228112295555,8.023856997912883,7.3442560494369635,160.6556010814336,108.01634335941006
435,24886,31.705108454738774,5.630728945237799,5.630728945237799,140.76822363094496,82.61816323777784
436,24943,NaN,NaN,NaN,NaN,NaN
437,25000,NaN,NaN,NaN,NaN,NaN
438,25057,3.9453643371496896,1.9862941215111345,1.9862941215111345,16.552451012592787,18.045976742626348
439,25114,6.115805238527607,2.473015414130613,2.1776567645474847,18.93614577867378,20.08304758275877
440,25172,62.50609531155148,7.906079642373424,7.168855464723928,268.83207992714733,131.28727394044694
441,25229,56.94544703744486,7.54622071221382,7.54622071221382,377.311035610691,130.71325934781896
442,25286,NaN,NaN,NaN,NaN,NaN
443,25343,25.2794665283687,5.027868984805461,4.104462263162874,74.62658660296135,60.855537445839545
444,25401,58.52754107828525,7.650329475145842,7.650329475145842,382.5164737572921,131.33241409981795
445,25458,17.107939714938066,4.136174526653592,3.3863492406454214,44.55722685059765,42.71542923099339
446,25515,44.38371364213369,6.662110299457199,5.8840689349855815,147.10172337463953,98.29852850450473
447,25572,66.56938228164131,8.159006206741193,7.50271256332244,238.72267246935036,124.42445874547994
448,25629,NaN,NaN,NaN,NaN,NaN
449,25686,15.690638719596002,3.961141088069952,3.760002815486647,62.66671359144412,48.58332363356846
450,25743,18.041485950832296,4.2475270394468705,3.844570045088375,69.90127354706136,54.1050879628615
451,25801,5.285839658497554,2.2990954000427113,2.2990954000427113,32.844220000610164,28.21132515166071
452,25858,25.432237427815664,5.043038511434913,5.043038511434913,100.86077022869826,67.04813668596893
453,25915,14.946795737950412,3.8661086040035673,2.8792574761466585,39.71389622271253,39.49175624110921
454,25972,64.60608663108012,8.037791153736213,7.905602543811267,527.0401695874178,150.99644311643317
455,26029,6.2597550788748535,2.5019502550759984,2.1892762308447136,28.248725559286626,26.340991957910504
456,26086,17.944437472955443,4.236087519510833,3.760002815486647,62.66671359144412,51.44092772721751
457,26144,25.062079111658964,5.006204062127209,5.006204062127209,100.12408124254418,66.72179108588708
458,26201,91.94820217179094,9.588962518009492,9.588962518009492,Infinity,200.0
459,26258,39.78854733830528,6.307816368467401,5.253669892399529,110.60357668209535,88.40273268913722
460,26315,82.79576970527988,9.099218082081553,9.062510857296294,906.2510857296294,165.8402198561826
461,26372,47.7753782485962,6.9119735422378605,6.552787333841702,163.81968334604255,110.52847683870112
462,26429,33.89357921913225,5.821819236212359,3.697479816971287,58.3812602679677,70.38025124376185
463,26486,NaN,NaN,NaN,NaN,NaN
464,26543,6.221126020416343,2.494218518978709,2.154705600021801,18.736570434972183,19.803587898303842
465,26601,64.219481906927,8.013705878488866,8.013705878488866,400.6852939244433,133.40939023382953
466,26658,26.801043489349027,5.176972425013391,4.441416212014017,80.75302203661849,64.5325192548392
467,26715,45.14970169108088,6.719352773227558,6.489505067424876,199.67707899768848,106.83907803886505
468,26772,NaN,NaN,NaN,NaN,NaN
469,26829,6.2012885394219275,2.4902386510979078,2.4902386510979078,35.57483787282725,30.202578674410024
470,26886,54.25552417418057,7.365834927160707,7.1308521247361485,254.67329016914815,119.13126917929544
471,26944,19.75838091795358,4.445040035585009,4.445040035585009,88.90080071170019,61.544170519912164
472,27002,21.893579219132246,4.679057513979951,3.697479816971287,58.3812602679677,52.83551915746113
473,27059,33.82106316827349,5.81558794691246,3.6876606332539965,58.22622052506311,70.31505411821973
474,27116,3.91646488028375,1.97900603341267,1.97900603341267,16.491716945105583,17.97381204876978
475,27173,17.77550555565617,4.216100752550415,3.729730255402113,62.16217092336854,51.12695091677596
476,27230,33.6935926790401,5.8046182199211085,3.6703365590661954,57.95268251157151,70.19986605936568
477,27287,23.100804172452303,4.806329594654564,4.783156065845028,89.68417623459428,62.157497254093975
478,27344,NaN,NaN,NaN,NaN,NaN
479,27402,NaN,NaN,NaN,NaN,NaN
480,27459,45.053012298254146,6.7121540728930045,6.084228204647192,114.07927883713485,97.33642703276114
481,27516,74.99039998854104,8.659699763187003,8.659699763187003,865.9699763187003,162.47549097195125
482,27574,57.07021270427614,7.554482954132343,7.3129657775982615,313.4128190399255,131.33434341031798
483,27631,54.53076128801257,7.38449465352996,6.965274875062775,174.1318718765694,114.32721418323459
484,27688,82.24689366390473,9.069007314138892,9.013705878488866,901.3705878488865,166.70469511691476
485,27745,25.062079111658964,5.006204062127209,5.006204062127209,100.12408124254418,66.72179108588708
486,27802,NaN,NaN,NaN,NaN,NaN
487,27859,52.480093233643814,7.2443145454655555,6.943895254280818,231.46317514269393,115.57367851739042
488,27916,61.371799145979274,7.834015518620018,7.221318377573853,169.91337358997302,115.68362406787817
489,27973,14.610299158658302,3.8223421038230345,2.8138938465374945,38.81232891775854,38.86556144392476
490,28030,40.53204059509312,6.366477879887208,5.896873478316249,131.0416328514722,87.59998097787621
491,28087,0.759616612654069,0.8715598732468521,0.8715598732468521,8.715598732468521,9.112712458219564
492,28144,33.59078688705768,5.795755937499239,5.795755937499239,144.89389843748097,84.02230314535178
493,28201,27.05904209321615,5.201830648263758,4.624617615692781,61.66156820923708,64.17765336005483
494,28259,81.7783782753433,9.04313984605697,9.006204062127209,900.6204062127208,165.67488130218305
495,28316,59.218706000063406,7.695369126953132,7.695369126953132,384.7684563476566,131.59685758388582
496,28373,56.270137897316566,7.501342406350783,7.212907181051419,300.5377992104758,131.16959361164092
497,28430,57.07199474490348,7.554600899114623,7.26189415000818,302.5789229170075,131.35615559914356
498,28487,24.86609142471028,4.986591162779467,4.718705813061625,94.3741162612325,66.25084297068389
499,28544,18.31285490828087,4.279352159881314,3.693895254280818,59.1023240684931,50.34128723334798
500,28602,45.590030609304335,6.752038996429474,5.779492244938506,135.9880528220825,95.8698490587415
501,28659,55.660477152772614,7.460594959704797,7.138916621830927,211.5234554616571,110.00063584874509
502,28717,68.25057483502668,8.261390611454386,7.975623789712418,306.7547611427853,129.45324878034134
503,28774,31.944196930508323,5.651919756198625,5.651919756198625,141.29799390496564,82.80036591384714
504,28831,49.74208229868405,7.052806696534653,6.826972686448441,262.5758725557093,124.53717981273577
505,28888,23.296242418858498,4.82661811404823,4.267880133528843,79.03481728757117,61.24859952052224
506,28945,24.999999999999147,4.999999999999915,4.999999999999915,99.9999999999983,66.6666666666659
507,29002,41.686904280121624,6.456539652176049,6.278110087707804,174.39194688077237,97.90110496847065
508,29059,29.90834511899963,5.468852267066612,4.256458984998688,75.11398208821214,69.05012209688567
509,29117,59.49918078869157,7.713571208505925,7.347637609634778,293.9055043853911,133.33333333333294
510,29174,53.96000153790133,7.345747173562491,6.968882294073166,225.46383892589654,119.07549758991449
511,29231,50.49999999999906,7.106335201775882,5.499999999999915,122.22222222222032,105.26315789473641
512,29288,44.382254253803865,6.662000769573948,6.249999999999957,131.57894736842016,98.46706960351705
513,29346,76.42485700080479,8.742131147540901,8.742131147540901,874.21311475409,162.7634410243103
514,29402,60.33333333333203,7.767453465153945,7.666666666666582,328.5714285714249,127.56132756132708
515,29460,41.82022473158331,6.466855861358231,6.328852617402704,210.96175391342348,112.62448012882449
516,29518,44.382254253803865,6.662000769573948,6.249999999999957,131.57894736842016,98.46706960351705
517,29575,25.53730917151439,5.053445277383974,4.7158466249867645,94.3169324997353,66.00918143163413
518,29632,10.700200161579817,3.2711160422063625,3.2326769343038,49.73349129698154,40.05701065429431
519,29689,33.66666666666604,5.802298395176349,3.666666666666638,57.89473684210481,70.17543859649122
520,29746,71.98599408296967,8.4844560275229,8.252308485716659,304.0324178948243,125.88664852597124
521,29804,NaN,NaN,NaN,NaN,NaN
522,29861,7.321926154045954,2.7059057917906073,2.5797789609536874,36.85398515648125,31.682144581266176
523,29917,23.791874347815828,4.877691497810806,4.448805946297931,88.97611892595862,66.69004537198838
524,29975,57.79666807640941,7.6024119907046215,7.221475436233728,254.87560363177866,125.8192061240883
525,30032,NaN,NaN,NaN,NaN,NaN
526,30089,NaN,NaN,NaN,NaN,NaN
527,30146,8.945456508922035,2.990895603146662,2.948805946297931,45.36624532766048,37.21153287117774
528,30203,25.54064016129423,5.053774842758058,5.053774842758058,101.07549685516115,67.14295777034668
529,30260,71.38232191819927,8.44880594629793,8.44880594629793,844.8805946297931,161.71811381550998
530,30317,39.26648849860081,6.266297830346145,5.512521429281576,128.03275577686242,97.22371542708227
531,30375,5.973245987842998,2.4440225015009576,2.4440225015009576,48.88045003001915,39.28026490158094
532,30432,9.399381727528468,3.0658411125706544,2.3384299940791506,55.918978119284034,62.87460006518544
533,30489,11.750898225783308,3.427958317392921,3.0277084408137496,94.19537371420554,75.74807397786827
534,30546,29.68948624041169,5.448805946297931,5.448805946297931,136.22014865744828,81.03033039595356
535,30603,21.30712225146663,4.61596384858749,4.169768144116978,94.15605486715758,97.27657542722677
536,30660,21.999999999999204,4.6904157598233445,4.666666666666582,87.49999999999841,61.11111111111034
537,30717,NaN,NaN,NaN,NaN,NaN
538,30775,6.630743165176434,2.575022944592229,2.475598834348209,31.94321076578334,30.08358431380813
539,30832,19.12478413261879,4.373189240430694,4.063669202585423,96.24479690333897,96.22521165469915
540,30889,14.300084851874454,3.7815452994608507,3.489091214426589,93.93707115763893,91.66097160111356
541,30946,NaN,NaN,NaN,NaN,NaN
542,31003,47.264310928963916,6.874904430533119,5.328659648082981,202.12157285831998,108.29055966081098
543,31060,20.62762285825446,4.541764289156193,4.179390361936159,108.66414941034014,97.42738615405545
544,31117,18.607050810816276,4.313589086922429,3.161800081919872,105.39333606399575,79.16105827220261
545,31174,17.283338308757088,4.1573234549114755,3.95172167013043,187.18681595354667,117.35284132180385
546,31231,43.65271109854813,6.607019834883813,6.27403640315271,202.98353069023474,116.03547151819191
547,31288,5.238827060053417,2.2888484135157174,2.2888484135157174,32.69783447879596,28.10325635563702
548,31345,10.224116552715248,3.197517248227951,2.8833151100828527,78.63586663862327,73.57663575697495
549,31402,21.90342560056064,4.680109571426789,4.495210466156992,118.99086528062625,108.01173625415275
550,31459,0.8515521689625922,0.9227958435984593,0.9227958435984593,11.534948044980741,10.905950200274193
551,31516,17.58920292221632,4.193948369045132,3.3625030990748135,59.33828998367318,64.03321159787978
552,31573,15.045507116323071,3.8788538405465953,3.0306018780643607,97.4122032234973,72.4486055588335
553,31630,15.045507116323071,3.8788538405465953,3.0306018780643607,97.4122032234973,72.4486055588335
554,31687,NaN,NaN,NaN,NaN,NaN
555,31744,11.42688457785852,3.3803675211222997,3.146745902326754,93.2369156244964,81.04558866521708
556,31801,30.535410430864047,5.525885488395868,4.800718912002889,130.9286976000788,105.84578164450684
557,31858,22.421579856762847,4.735143066134628,4.338996048631649,123.97131567518996,108.91038686694368
558,31915,16.974620293245852,4.120026734530476,3.9979372335536567,186.57040423250396,117.08688471846787
559,31973,21.756013036955096,4.664334147223491,3.802504255523666,96.85624047088584,82.75877051369237
560,32030,16.63085761207009,4.0780948507937005,2.9438845846266983,44.15826876940048,43.066083457965505
561,32087,21.90342560056064,4.680109571426789,4.495210466156992,118.99086528062625,108.01173625415275
562,32144,8.71591015416094,2.9522720325472953,2.2633223993830454,52.230516908839505,58.17634782606053
563,32201,10.04929178510296,3.1700617951552554,2.5720853448019128,55.11611453146956,63.601751758145
564,32259,55.717234412907246,7.464397793051175,7.187662809159415,276.4485695830544,125.77308835887922
565,32316,50.05115349601223,7.0746839855934365,7.0746839855934365,353.7341992796718,127.76317581244896
566,32373,27.91804785830176,5.283753198087678,4.333676854688264,103.86196006172716,90.04700618535526
567,32430,16.83649956415828,4.103230381560153,3.8201168435459554,97.7239192535012,92.12837399609323
568,32487,30.067406310760457,5.4833754486411435,4.401582513656026,105.52862424044882,88.64239818974373
569,32544,14.692212115867394,3.8330421489813276,3.3510219810096378,100.53065943028913,90.12573933592782
570,32601,17.72046027973827,4.2095677069906206,3.932152881002005,91.28212045183226,90.37635566524477
571,32658,22.043996583208806,4.69510346885016,4.395743797628616,146.5247932542872,113.24996399785707
572,32715,3.999999999999609,1.9999999999999023,1.9999999999999023,16.666666666665854,18.18181818181721
573,32772,20.054491711434824,4.478224169404076,3.726807996518044,66.891425578529,73.56821944669761
574,32829,17.39397535654839,4.170608511542217,3.3471351278412618,77.84035181026191,71.42321135438547
575,32886,14.180608344629762,3.765714851741932,3.3436422749349775,89.7074756689872,87.98063903237725
576,32944,10.946276516417477,3.3085157573173922,3.1937573637686043,92.45087105645959,75.77167366479543
577,33001,5.5872529240024775,2.363737067442671,1.8172010588236236,40.382245751636084,42.36345934069134
578,33058,11.87017034007577,3.445311356042552,2.8693594074451036,56.261949165590266,60.2285704388964
579,33115,56.41342866168728,7.510887341831674,5.195829337477133,239.80750788356002,97.4945352375998
580,33172,13.633927234530846,3.6924148242756862,3.2839586377818097,90.30886253899976,91.9597098305583
581,33229,34.14985198751735,5.843787469400077,3.4747102212926406,54.86384559935749,67.75613755107783
582,33286,33.02573825379295,5.7468024373379105,5.7468024373379105,143.67006093344776,83.6092969770036
583,33343,40.04647375656465,6.328228326835612,6.279869777069409,392.4918610668381,140.41903772646467
584,33400,14.840539749042959,3.852342112149823,3.4190404817867424,87.15201228083853,90.64756088751021
585,33457,24.382080617661117,4.937821444489575,4.937821444489575,41.14851203741313,51.807524833641516
586,33514,7.807618155528731,2.79421154451998,2.4931084603937954,62.32771150984489,57.229096594237625
587,33572,14.367567351596643,3.7904574066458845,3.3788619579728834,81.74666027353751,82.27341128889371
588,33629,43.78344482282306,6.616905985641859,6.616905985641859,330.8452992820929,124.6484803499336
589,33687,14.973815783177603,3.869601501857472,3.4982223930503635,88.62163395727588,94.21582345497553
590,33744,22.885811822276253,4.78391176990925,4.203078865722211,66.36440314298228,87.82807146979722
591,33800,20.227579464653697,4.497508139476092,3.152895632498661,100.31940648859374,79.49498713733256
592,33858,35.31708835411833,5.942818216479311,5.886460879633166,588.6460879633166,153.0851913327419
593,33915,20.69949742671621,4.5496700349273915,4.3350208284437235,37.69583329081499,45.50971407499161
594,33972,8.413588065552183,2.9006185660221138,2.649007477393243,73.07606834188256,63.221377369552
595,34029,12.643536562552882,3.5557751001086784,3.0,60.0,64.33838803434733
596,34086,20.756150644817556,4.555891860527153,4.129729969460358,192.72073190815004,115.60507742968531
597,34143,15.082545370829287,3.8836252871291905,3.3385729262423194,105.42861872344167,94.582944178199
598,34200,16.028369766386437,4.003544650230148,3.4340220872970675,147.17237516987433,114.69760171960242
599,34258,8.594677854059332,2.9316681009383263,2.4168491461728694,52.256197755089076,59.80296369961483
600,34315,16.41963975875488,4.052115467105408,3.865107305645521,133.27956226363867,99.41354463920382
601,34372,22.79710354433847,4.774631246948655,3.8196009332090326,54.5657276172719,55.05780958600928
602,34430,8.497574051620067,2.915059871018101,2.5755624755377142,51.51124951075429,56.60398978179343
603,34487,20.19730510237044,4.494141197422533,3.6267623032521863,76.35289059478288,85.46952725524145
604,34544,3.558734650386338,1.8864608796331659,1.8864608796331659,37.72921759266332,31.7413382963388
605,34601,NaN,NaN,NaN,NaN,NaN
606,34658,13.237239712991068,3.6383017622224614,3.2404063604595477,71.28893993011005,78.77920787300131
607,34716,35.31708835411833,5.942818216479311,5.886460879633166,588.6460879633166,153.0851913327419
608,34773,23.13001742492638,4.809367674125818,4.580257157139872,65.43224510199818,61.4863168790976
609,34830,120.43297555884163,10.974195895774853,8.18641218347346,327.45648733893836,108.06975104193788
610,34886,6.989852874643586,2.643832989173784,2.3392363643855147,42.53157026155481,40.98761381559201
611,34943,13.045975197570714,3.6119212612639706,3.396812271286273,42.460153391078414,42.98039117156371
612,35001,NaN,NaN,NaN,NaN,NaN
613,35058,21.8587482860604,4.675334029356662,4.151619642762758,92.25821428361684,93.4802735917505
614,35115,6.783853544297047,2.604583180529477,2.4651859322030405,31.80885073810375,29.455032909893102
615,35172,76.08097201722131,8.722440714457239,8.722440714457239,872.2440714457239,162.69506070006304
616,35229,14.700735450271106,3.834153811504059,3.625628206906432,155.38406601027563,93.78173749804688
617,35288,6.532650122568064,2.555904951786757,2.1920993951618937,73.0699798387298,71.74828992161576
618,35346,8.508749104013987,2.9169760204729123,2.3766807366815175,56.83366979021021,65.17619218491217
619,35403,14.700735450271106,3.834153811504059,3.625628206906432,155.38406601027563,93.78173749804688
620,35461,15.342183000131014,3.916909878990199,3.572874023610899,112.82760074560734,102.35818578565292
621,35518,20.965975116413457,4.578861770834916,4.302759553166363,95.61687895925252,95.87539010171439
622,35575,12.777693424267351,3.5745899658936198,2.950410439860296,60.521239792006064,61.785512144228264
623,35632,0.16840095443659514,0.4103668534818512,0.4103668534818512,8.207337069637024,7.883811574701614
624,35689,19.214851273738894,4.383474794468299,4.08768588783856,118.67475158240978,101.20817516837867
625,35746,9.971739099748724,3.157806057969476,3.1179703494017907,47.9687746061814,38.91928367853282
626,35803,15.278139893818988,3.9087261216180123,3.144332598481584,134.75711136349645,99.08287362888176
627,35860,NaN,NaN,NaN,NaN,NaN
628,35917,14.323096594601271,3.78458671384357,3.211846413199671,73.87246750359243,77.42569953529342
629,35974,22.23381555895084,4.715274706626417,3.608201513623784,44.182059350495315,45.68726156411202
630,36031,12.401528198485805,3.5215803552504386,3.0759000568397274,82.02400151572607,82.43211341099564
631,36089,11.001626410474397,3.3168699718973604,2.608249448861188,86.94164829537293,78.0514991825843
632,36146,13.321003661773078,3.6497950164047674,2.1896007933215027,27.370009916518782,25.135269685537686
633,36203,0.22815638544869432,0.47765718402290813,0.4701222844939504,8.81479283426157,8.700888635463048
634,36260,7.257696943405385,2.6940113109275146,2.680439804328121,107.21759217312483,71.10976247903747
635,36317,33.70876130307805,5.805924672528748,4.366303518215494,77.37753070255306,76.04270326524826
636,36374,27.94694866264382,5.286487365221241,4.72492736474606,62.999031529947466,70.15509828432955
637,36431,14.439340084431212,3.799913168012029,3.2315909789480246,73.445249521546,67.26985310152759
638,36488,10.991277968281524,3.3153096338474217,2.8113620674655855,70.28405168663964,75.94052385803207
639,36545,5.033951234659372,2.24364686050621,1.4551834267409256,34.23961004096295,40.92593524660004
640,36602,22.83304972463061,4.778394052883312,4.481238093103266,89.62476186206531,96.64184182372793
641,36659,19.730944222831944,4.441952748829274,4.135385199793866,75.18882181443392,57.07008291613407
642,36716,8.92168531003574,2.9869190330565942,2.900050860421374,41.42929800601963,34.72707000995914
643,36773,18.648871986126515,4.3184339738065365,4.3184339738065365,215.92169869032682,103.82805194835032
644,36830,4.248081609345992,2.061087482215637,1.4806916153416654,24.678193589027757,27.278018977676044
645,36887,14.8379963405398,3.8520119860327275,3.2833536700744332,62.4550969851115,76.30929558096408
646,36945,NaN,NaN,NaN,NaN,NaN
647,37002,10.213765799278514,3.195898277367181,2.6017825629564713,66.42849096910139,70.41736145899749
648,37059,11.927812791513404,3.453666572139442,3.0766386651025233,94.66580508007763,75.87999292309901
649,37116,7.778302033825413,2.7889607444038025,2.513164009605058,64.85584540916278,59.52768664810888
650,37176,23.13001742492638,4.809367674125818,4.580257157139872,65.43224510199818,61.4863168790976
651,37235,13.692077152945886,3.70028068569749,3.245976929897679,95.78292580025939,91.47666662728699
652,37293,5.940430538056694,2.4372998457425576,1.9935455118886436,66.45151706295479,68.51701881572751
653,37353,NaN,NaN,NaN,NaN,NaN
654,37412,10.674577035271977,3.2671971221938807,2.9711536609015057,87.87919278722764,79.68986323030542
655,37470,29.29922777703772,5.412876109522342,5.074264798461118,144.97899424174622,106.98277594533614
656,37528,7.101063173619748,2.6647820124017176,2.1879200509963246,54.698001274908115,56.24844855559533
657,37585,19.43548242955626,4.408569204351482,3.837752834597347,106.92246703355792,92.84541081953363
658,37643,16.49234489399542,4.061076814589379,3.1142748936815203,49.828398298904325,62.406871009221106
659,37701,15.394960936705678,3.923641285426801,3.3817921549189425,106.5999701007058,102.80960530995749
660,37760,16.550920718173348,4.068282281033771,3.320559886593616,77.82562234203787,86.41337641238579
661,37818,27.739232782808017,5.2668047982441895,5.2668047982441895,263.3402399122095,113.6703516025741
662,37877,24.525406880423077,4.952313285770911,4.13321475167138,103.3303687917845,81.31045709195928
663,37935,0.02695442459199052,0.1641780271290605,0.1641780271290605,2.345400387558007,2.373231275322538
664,37993,17.585206716459556,4.193471916736722,3.5324763381740762,74.82585346871197,84.3785168312225
665,38051,19.37094365057569,4.401243420963636,3.2583933120849125,60.34061689046134,61.477930830787564
666,38109,30.947737679849602,5.563069088178719,5.4128654743957725,338.30409214973577,133.35260197797766
667,38168,16.214273669408424,4.0266951299308005,3.353591638856795,74.52425864126211,67.56007225499262
668,38226,11.734121610249844,3.4255104160182968,2.8272304963049275,67.08682533604913,74.03267071765511
669,38284,NaN,NaN,NaN,NaN,NaN
670,38342,8.320585026784837,2.8845424293611694,2.8709569957572847,114.83827983029138,74.22266504158746
671,38401,18.50121304610777,4.301303644955535,3.6539198423207684,87.69407621569844,89.0110948238409
672,38459,9.13840399334288,3.022979324001883,2.2668047982441895,45.33609596488379,43.42933682634959
673,38519,10.186173591279553,3.1915785422388643,3.0,60.0,67.31223899725185
674,38579,3.1981141126495034,1.7883271827743108,1.7013896287522234,30.934356886404064,31.745087294067947
675,38638,17.28290940970031,4.157271871035175,3.6480822908207875,112.24868587140884,93.93002107170022
676,38696,26.474542481984678,5.145341823628891,4.122480337746734,90.1792573882098,80.98914163051246
677,38755,15.089491821514596,3.884519509735354,3.319094407286202,70.61902994225962,88.19231210103644
678,38814,20.434211847856176,4.52042164491944,3.383287126322935,75.95134365214751,64.33544429559052
679,38872,24.213934702087986,4.920765662179818,3.7666388901637484,64.83558745363828,77.50300936128602
680,38931,13.41579848139969,3.6627583159962507,3.300280938640811,73.33957641424024,69.70010459231113
681,38990,12.329601148267773,3.5113531790846353,2.947497557874507,74.78725146845764,80.36825332373371
682,39049,22.286526008429888,4.720860727497676,4.553127546299833,195.13403769856424,104.09467556915573
683,39108,10.318430419828271,3.2122313770692594,2.779343880965397,84.58872681199033,75.35580998297124
684,39166,15.888507780072079,3.9860391092000187,3.269838649845505,67.65183413473459,80.66879379147942
685,39225,10.448716004948174,3.232447370793247,2.964438185364198,53.89887609753088,58.03825410347317
686,39284,3.208151945879733,1.791131470852917,1.7459406289997168,31.744375072722125,32.5041839951379
687,39343,10.601112934255308,3.255935032253455,2.9711150995596234,101.14434381479569,92.19829608096623
688,39402,53.840202400484635,7.337588323181169,5.758263880213,265.76602524059996,107.4424746128719
689,39460,20.45005362400881,4.522173550850167,3.2235606154205656,46.050865934579505,45.74258203177684
690,39519,80.84554486777607,8.991415064814664,6.549477980782069,245.60542427932762,97.1992791979002
691,39578,10.943153332701455,3.308043731981404,2.891008039106594,93.53261302991923,84.56895164095086
692,39636,17.194046283367037,4.1465704242623245,3.803945186126137,108.68414817503249,95.4395206214921
693,39695,11.280873743090924,3.3587011988402486,3.0,66.66666666666666,82.92813388719341
694,39754,6.610973574765016,2.571181357812983,2.1752211297941995,69.5173763130105,71.38514021872628
695,39813,14.658610037680463,3.8286564272183607,3.368672731749308,91.87289268407203,93.30040075950069
696,39871,19.252082121560807,4.3877194670535635,3.755727918793376,87.34250973938083,77.42632933301526
697,39930,11.585493844311339,3.4037470300113872,2.9341471728285247,125.74916454979392,96.99681272899933
698,39989,14.177505210658522,3.7653028046438073,3.6757092572715617,367.5709257271562,136.56225755566652
699,40048,32.20089469380758,5.674583217629959,4.168553523334388,108.38239160669407,96.96239834542021
700,40107,20.771404336355335,4.557565615145363,3.9760235874306686,104.63219966922811,97.24698299475773
701,40166,10.135889141494332,3.183691119046308,2.8428998075367393,121.83856318014598,102.28334364992895
702,40224,16.772356332609345,4.095406735918832,3.228214721691474,43.04286295588632,49.96482890503703
703,40283,16.209019642238985,4.026042677647491,3.27211922439729,64.68142652878365,78.14732329480616
704,40341,13.003222026682678,3.6059980624901447,3.2156664892009172,94.11706797661222,93.52161035215879
705,40400,8.31078927834618,2.8828439566418056,2.4648581485456877,49.29716297091375,56.56236535509442
706,40458,19.698899924802426,4.438344277408235,3.3354243869178455,41.692804836473066,43.21681448057328
707,40517,4.8977698257056606,2.213090559761543,2.213090559761543,110.65452798807715,71.23960413821752
708,40576,19.37181908778982,4.40134287323651,3.6983223919393082,105.6663540554088,102.10050534512743
709,40634,12.573231047651806,3.545875216029437,2.9910477743319386,81.00754388815666,82.29643306590899
710,40693,9.073361650312718,3.0122021264039898,2.5356692110729897,63.391730276824745,71.79391278701058
711,40753,16.664360850688208,4.082200491240993,3.0097382383213787,41.51363087339833,43.45753356355648
712,40812,7.8626981297579555,2.804050307993413,2.560054582894057,128.00272914470284,87.13347366463175
713,40870,11.363311501742514,3.370951127166117,2.630321228954933,69.74336591925959,72.88669804448399
714,40929,6.200773684911463,2.4901352744201395,2.3428129187844173,72.08655134721285,68.32977290245681
715,40988,11.353028966577938,3.369425613747533,2.9717065086219523,115.56636422418703,96.77208799721242
716,41046,7.573945794997828,2.752080266815964,2.5796219246410703,40.30659257251673,46.28358266498599
717,41105,260.9626066538014,16.154337084937946,16.154337084937946,Infinity,200.0
718,41164,13.020018885698356,3.608326327495665,3.0649155631107976,66.10602194944858,72.40506038539145
719,41223,3.8122107241292986,1.9524883416116212,1.4484279721124422,34.08065816735158,42.87242922523781
720,41281,7.819743751997983,2.7963804733973494,2.392677152411024,41.611776563669984,41.767833022510494
721,41340,9.708661457029283,3.1158725033334216,2.462785040765398,66.66185072748445,68.81083396467851
722,41398,9.172944720417403,3.0286869630943047,2.740273366961905,88.19270606314177,87.88104840724851
723,41458,11.112761963281992,3.333580951961718,2.77221800816034,71.02376715121532,82.02717542684366
724,41515,10.175457866065317,3.1898993504600295,2.7730940179225114,79.23125765492888,75.25786346482333
725,41574,12.286021687389344,3.505142177913664,3.0138367736863367,67.81132740794258,83.27082145676896
726,41632,13.202862822242336,3.6335743865018557,3.220288378842769,81.70880961242847,102.84472890816261
727,41689,84.13476611286957,9.172500537632558,5.809357495416138,217.85090607810517,80.18080530332253
728,41747,23.654434585854137,4.863582484738399,3.7407061900680083,90.76974262155547,88.93202327469203
729,41805,53.087921617489016,7.286145868529466,5.802673704228419,92.10593181314951,96.52112157381364
730,41862,44.129373327404686,6.6429943043333015,6.6429943043333015,221.43314347777672,105.08577548051983
731,41922,12.293479013356032,3.506205785939558,3.1822682531726008,31.82268253172601,36.02695054281037
732,41980,16.29755835700743,4.037023452620437,3.25409944576081,81.73804295039001,89.56374582855999
733,42038,NaN,NaN,NaN,NaN,NaN
734,42097,15.981473578423332,3.997683526546759,2.994386161438916,54.443384753434835,43.77215814214215
735,42155,12.35615784073529,3.5151326917678785,2.6210316520449783,51.44080812424724,58.39584941918409
736,42214,10.129539908178453,3.1826938131366727,2.87341588282918,74.95867520423948,89.79588390890532
737,42274,14.62118656336966,3.8237660183868023,3.5103062685409836,152.11327163677595,118.14623563244741
738,42334,11.840643337598026,3.4410235886430693,3.0312111682417475,117.8804343205124,97.41242551867532
739,42393,21.159184471442433,4.59991135473744,3.598505347400628,76.05088620795142,86.74550010252878
740,42452,29.638304415546358,5.444107311171075,4.019527828478512,49.21870810381851,53.04760533840943
741,42510,10.461530518125095,3.2344289323039845,2.9810804208994064,119.24321683597626,81.72746244711917
742,42568,10.710056113453248,3.2726222075658606,2.8527760847473873,61.68164507561919,81.16140261771507
743,42627,0.2964281381290513,0.5444521449393429,0.5444521449393429,10.889042898786858,11.516035945985918
744,42685,61.99236095985319,7.873522779534786,5.300467157706916,124.71687429898626,77.4220751121917
745,42743,15.234711658645969,3.903166875582694,3.849175530445906,144.34408239172149,129.2290477899729
746,42802,8.733787618295498,2.9552982283173215,2.8041892710326284,61.55537424217964,69.41510646202251
747,42860,8.365569022559868,2.892329341994073,2.5092362443497027,167.28241628998018,109.54046785755223
748,42918,10.143189021582456,3.184837361873045,2.914118743542095,76.0204889619677,86.88639845397094
749,42976,12.321073708243398,3.510138702137481,3.0244388138579255,69.79474185825983,84.43141693501407
750,43035,16.80390697927995,4.099256881348125,3.13345040530436,80.408647966805,84.39306755030104
751,43092,16.95649142270012,4.117826055420521,3.4354566749066344,65.43726999822161,81.06097994066744
752,43151,3.5501964408040987,1.884196497397259,1.85908850207506,53.116814345001714,53.50299964758428
753,43209,9.060563408135627,3.010076977111321,2.4278511893070482,101.160466221127,95.24488753579912
754,43267,9.508169233942864,3.083531941450074,2.974452153986777,594.8904307973554,151.94102823774372
755,43326,8.405207263971459,2.8991735484395305,2.3528840524276355,53.47463755517353,57.84808551692143
756,43384,15.459170736081312,3.931815196074367,3.0053662841249316,68.33547467383835,72.41295091936071
757,43442,13.942733854849301,3.73399703465995,3.1010246641522667,73.09558136930343,86.32993493764573
758,43500,21.02132679101782,4.584902048137759,3.157485075192608,43.85395937767511,44.095286642990715
759,43559,NaN,NaN,NaN,NaN,NaN
760,43616,45.83628677775433,6.7702501266758475,4.226257529577332,134.47183048655148,81.01251069105204
761,43675,6.887172179770442,2.6243422375464753,2.113329153502102,57.23599790734859,71.29559547566379
762,43733,10.913729492569326,3.3035934211959748,2.9664298273558587,57.41477085204888,63.72898237613176
763,43791,15.810086985209214,3.976190008690381,2.864945436758965,76.47034812401749,80.90861598065705
764,43849,8.80325866568552,2.9670285919898918,2.552625020864597,68.92087556334413,77.09002198356488
765,43906,14.987216967018389,3.8713327120022103,2.7858287548246716,65.37143287494716,73.47980284649242
766,43965,13.772666301513814,3.7111543085021155,2.782891578074061,79.51118794497317,68.77723238278499
767,44023,20.3757028924701,4.513945379872258,3.399950166449433,66.52076412618456,65.96252383156983
768,44081,10.960291290071131,3.310633064848947,2.8173146306326666,77.71902429331494,97.82259667788159
769,44139,11.943741787388598,3.4559719019963975,2.974650033185613,79.32400088494967,80.83422987235753
770,44198,42.97659329103707,6.555653536531432,5.408206250897185,66.22293368445533,86.52673216279632
771,44256,5.87914642733226,2.4246951204908753,2.0828840601231544,50.49415903328859,71.26085017422757
772,44314,7.883107086312108,2.8076871418147906,2.2222599252910804,44.44519850582161,47.27669463436389
773,44372,14.830590890554303,3.8510506216556415,3.1874802688368,60.30368076177729,70.29169808769834
774,44430,13.50041125284434,3.6742905781721102,2.5371717642273706,68.18649116361058,69.92507728997005
775,44488,10.981093203075021,3.313773257643773,3.0764920718212494,86.14177801099498,88.94679782128482
776,44546,7.0816734395395295,2.661141379096483,1.8942078225481613,53.27459500916704,63.398427443096764
777,44604,16.551542829847037,4.068358739079807,2.9361311977322653,80.2942001012497,85.43782809004975
778,44662,10.130842650431616,3.182898466874433,2.6521981036789346,59.80446704374069,70.68860635455685
779,44720,27.120374544746696,5.207722587153303,4.67410937364351,86.96017439336764,109.91899124589158
780,44778,29.63005659835571,5.443349758958697,3.957484424921491,59.36226637382236,68.13236069003814
781,44836,17.616146610409558,4.197159350133083,3.8136393100704087,79.82035765263646,97.83388033311253
782,44894,9.889729532871522,3.144794036637618,2.6368567394089193,109.86903080870496,97.99039309397108
783,44953,11.34209646445469,3.367802913540917,2.520658857918875,62.41631457703881,74.79633506464775
784,45011,16.29610749735693,4.036843754389923,2.7563195324723733,87.91708853575673,89.16640334585469
785,45069,21.337164661434695,4.619216888330174,4.263592595368988,80.66256261508896,99.63720566063616
786,45127,9.793609448568526,3.1294743086608854,2.6260864132316626,94.37498047551287,88.20221474308939
787,45185,18.639748761559378,4.317377532896489,3.216092217663817,79.4413217112178,91.78022199176095
788,45243,4.609433672391648,2.1469591687760734,1.9638972940897323,68.3094710987733,86.62846076722688
789,45301,9.841480041713806,3.1371133294342117,2.3709248889802814,49.62400930423845,54.8871626419402
790,45359,14.566204408042296,3.8165697174350552,3.1688813949100525,82.99451272383472,86.20369273917088
791,45417,14.12825071504186,3.7587565384102573,2.6147663686200042,74.70761053200012,81.70387425866684
792,45475,5.865035603203943,2.4217835582900347,2.085912970721438,62.21143947765692,70.33014813724814
793,45534,16.77606683592833,4.095859718780457,2.947586383383247,71.56691218914057,78.87952069763783
794,45591,6.403814419688625,2.530575906723334,2.2139860983956074,103.31935125846168,94.7578495269841
795,45649,26.198253543903906,5.118422954768774,4.193552541682837,62.12670432122721,75.16816827158027
796,45707,9.622336387318912,3.101989101740835,2.8241119121811393,89.18248143729913,99.66569534732656
797,45765,11.845629668295453,3.4417480541572845,2.9229453153707303,77.05946740522835,82.29547814953682
798,45824,11.253867048604688,3.3546783822901247,2.8802119059156883,50.090641842011976,49.75519211021335
799,45882,21.180502537989288,4.602227997175856,3.5421452819757433,74.57147962054196,96.3254473701477
800,45940,16.914993803668402,4.112784191234498,2.839327366126824,67.32425713496593,80.77116941914598
801,45998,20.21643587470027,4.496269106125685,2.9416989178658244,44.12548376798736,42.77355254417263
802,46056,15.243991299145204,3.9043554268464344,2.7134330480364173,67.35472105054936,76.32555426755036
803,46114,6.657990153575193,2.5803081508950036,2.080314815362299,66.04174017023172,76.5080103940464
804,46172,14.824989119084869,3.8503232486487247,2.952582217769939,88.27307661374044,90.58712255629466
805,46229,8.66749436600914,2.944060863163182,2.567874409280129,57.06387576178065,68.06344442302571
806,46287,14.803499347631735,3.847531591505356,3.1863943316074006,63.727886632148014,79.05350853719011
807,46345,11.77711584348905,3.4317802731948106,2.815386613563753,84.94700989200979,97.47555462763859
808,46403,7.370783755106803,2.7149187382142403,2.3430015506601687,52.7175348898538,63.63298868541938
809,46460,8.77637152782478,2.9624941397114664,2.0745799631792496,49.609520858634234,60.852269733740904
810,46518,8.556373586612798,2.92512796072459,2.6124991176655348,78.73285012142708,72.69427779404187
811,46576,6.068105445802229,2.463352481031131,2.0474764136985595,69.8550776438332,72.42713092904525
812,46635,19.275966425299778,4.390440345261484,3.5528272763555253,62.961496036680195,74.0321704409117
813,46692,7.8116675933292985,2.7949360624760806,2.4385504852426663,58.06072583911111,63.601536626392516
814,46750,23.483226483040458,4.845949492415336,3.5148377994829434,68.91838822515575,70.60576391862804
815,46808,5.813783443464793,2.411178849331752,2.1189034869816985,70.63011623272328,76.82465569568674
816,46866,9.730348092313573,3.1193505882336425,2.7191701063190736,58.79286716365565,75.75453305839207
817,46924,7.740677280141374,2.782207267645848,2.530361257953294,84.3453752651098,96.10469610812382
818,46982,17.848148494014215,4.224706912202811,3.1338358225266747,72.87990284945755,74.31237170877434
819,47040,19.541998279439852,4.42063324416761,3.01439476178607,79.12786249688433,87.46585028709823
820,47097,17.981474657760646,4.240456892571913,2.926890797341978,80.771763843562,89.61679299720025
821,47155,19.584118409448955,4.425394717926182,3.6543741246728914,110.73860983857247,109.67686889924137
822,47213,10.214300881039293,3.195981990099333,2.3821567236210144,53.93562393104183,67.67471253458099
823,47271,5.4950339590779,2.3441488773279526,2.0509548535771915,55.546693951048944,68.16537218296614
824,47329,28.153665702017072,5.306002798907769,4.260266790783014,60.86095415404306,71.67207554470234
825,47387,16.311560329061177,4.038757275333735,3.309421005317575,84.65960711277518,88.11045117016855
826,47445,27.076722692825086,5.203529830108124,3.92875521180515,70.51611918624629,80.98735252707915
827,47503,6.229233884080752,2.4958433212204554,1.876632538949017,59.711035330196,60.34250363004938
828,47561,7.701872733613218,2.775224807761205,1.9587659758299125,44.072234456173035,46.74870728836578
829,47619,7.588108304607418,2.7546521204332532,2.19577206842478,76.59670006132953,84.33804583371439
830,47677,11.269413774850877,3.3569947534738382,3.1398065401376716,148.7276782170476,109.95522974817334
831,47735,9.267231965369055,3.04421286466125,2.197660510620748,62.79030030344993,63.66968469069033
832,47793,9.693366258087801,3.1134171352531292,2.725936871240982,65.79847620236853,80.89020100468358
833,47851,7.576967739695714,2.7526292412338633,2.2845166743036214,83.7656113911328,88.79477661038412
834,47909,11.0273846073126,3.3207506090208883,2.592998104981382,86.43327016604606,89.31499068765821
835,47967,15.560218331521764,3.944644259185074,3.1304868802374286,69.5663751163873,77.3897991593953
836,48025,19.161685203540653,4.3774062187031095,3.3462266654222685,92.19195914938904,92.77091356428566
837,48083,6.693206040895706,2.587123120552191,2.2345474711007047,74.48491570335682,77.24774321107135
838,48140,13.60840837336851,3.6889576269413165,2.6784723387615426,74.40200941004285,81.6088688827819
839,48197,4.716142983110179,2.1716682488608106,1.8760034976202336,41.688966613782966,46.52533844250913
840,48253,8.867484261479976,2.977832141253092,2.3262943958944087,90.46700428478256,86.54819247237305
841,48310,17.75849843896461,4.214083345042503,2.779225213924314,75.01023068723063,79.80677015805723
842,48368,17.861875940514192,4.226331262515303,3.611454250060476,93.47293353097703,98.15358354188554
843,48426,10.607630718703955,3.2569357867025803,2.5307297704677745,74.77156140018425,79.36213563898312
844,48484,8.144627417870987,2.8538793628797605,2.321142592924588,52.75324074828609,56.55565439589253
845,48542,18.459591358589897,4.296462656487299,3.0411411410885365,71.99436170740209,80.84368298733018
846,48600,13.943172906971643,3.73405582536893,2.699039117462424,71.02734519637958,84.86127577514233
847,48658,15.774769579622841,3.9717464143148464,2.592633782757461,51.85267565514921,54.90777530800561
848,48717,8.801527535399112,2.9667368497052635,2.08715532859565,57.294460000664905,68.86815409129844
849,48775,33.876081519938936,5.820316273188162,4.903629129430385,85.2805065987893,135.48977499502212
850,48833,21.170768918260684,4.6011703857019555,3.2058370671954903,75.92772001252477,90.98249684060032
851,48891,14.494523419440457,3.8071673747604606,2.58721456106159,48.510273019904815,52.166973074025805
852,48950,12.434522689481572,3.5262618577583784,2.8893760169961555,74.56454237409433,98.33552611315547
853,49009,10.15815021552504,3.187185312391647,2.7705854504012106,69.26463626003027,95.9492403481282
854,49067,20.12653808809454,4.486261036553105,3.2397784051775864,69.1001687817597,78.89478000351808
855,49125,23.188163746050034,4.815408990527184,3.7253655437730653,69.85060394574496,89.35754239629804
856,49183,12.31849003878788,3.50977065330313,2.7754473385759364,71.22829452982492,83.32345111476559
857,49241,10.059737690395183,3.171708954238264,2.512122824133317,64.96869372758579,74.48253918542522
858,49299,48.54187160486591,6.9671996960662685,6.083698051085507,76.04622563856884,113.06680876180033
859,49357,8.432813549688655,2.9039307067643083,2.5673454569513185,110.02909101219937,98.92316331170528
860,49416,7.067833773550847,2.658539782202036,2.2919778873914045,72.92656914427197,93.89720731568724
861,49474,1.908372184834081,1.381438447718204,1.2985183720732867,24.34721947637413,27.29971731883226
862,49532,6.317714551450471,2.5135064255836848,2.106585610110762,62.417351410689236,82.00266289756114
863,49591,9.695768450914583,3.1138028921103182,2.569254654980207,65.44327894760904,83.83541841288152
864,49649,13.107353218866974,3.620407880179659,2.769561621104148,66.94201074706709,78.42154438019183
865,49708,8.303063823384912,2.8815037434271904,2.3379993334668563,60.78798267013826,72.6694261020268
866,49765,10.292929205089642,3.208259528948623,2.796875562361738,67.80304393604214,80.06267676223271
867,49824,7.171347440618265,2.677937161439429,1.9386733706111758,57.3410433561052,63.84308004658491
868,49882,21.170768918260684,4.6011703857019555,3.2058370671954903,75.92772001252477,90.98249684060032
869,49941,31.65946478891901,5.626674398694046,5.3727898048803056,84.8335232349522,99.7786525243372
870,49999,18.630025271997447,4.316251298522532,3.8532794297278183,64.22132382879697,87.18464906394696
871,50057,110.46019671173009,10.510004600937627,6.734470026454534,673.4470026454534,103.50850972655962
872,50115,3.6339699776885044,1.9062974525735759,1.6478069699949962,70.62029871407127,81.36712828449201
873,50174,86.65849725951666,9.309054584624405,9.309054584624405,77.57545487187004,126.73186539623946
874,50231,16.104648054632626,4.013059687399706,2.9879784288675824,54.32688052486513,60.272877128687085
875,50290,16.782894564775837,4.096693125531352,2.8295725442281627,66.22403826916977,77.64222817702209
876,50349,7.032978180996725,2.65197627836237,1.8149974010804253,51.857068602297865,52.05846010554621
877,50408,8.880364613162117,2.9799940626051784,2.3276861741996973,55.42109938570707,59.57531531404293
878,50466,74.84182418766036,8.651116932954979,5.906960395535275,472.55683164282203,112.29433453111679
879,50524,20.304633822815394,4.5060663358205675,3.0688751523290216,65.96647523697897,74.98071209093276
880,50583,19.15867813393106,4.3770627290377115,3.459491168382683,72.43699919357242,92.17341671166072
881,50641,13.592192280105904,3.6867590482842654,3.065325575499254,65.89017592194658,80.87248162377648
882,50699,9.373428275001043,3.0616055061031364,1.9877838360773212,66.25946120257737,72.43755664739324
883,50758,7.590062688238649,2.755006839962226,2.1354220810420173,82.80208069346597,84.05456229800497
884,50816,20.643648922911314,4.543528246078296,3.6257750119745666,57.24907913644053,65.75146600430426
885,50875,20.631106578184763,4.5421477935206775,3.3787171440088946,81.36502510062236,97.12251123669265
886,50933,5.797674905099586,2.407836145816319,2.2537084997373182,96.58750713159935,100.04671086463117
887,50992,10.05731296562012,3.171326688567439,2.950289975591019,98.34299918636728,109.33933387459422
888,51051,14.506288876234672,3.8087122333191137,2.658005595908752,71.21448955076278,74.83162115010313
889,51109,15.014882059847373,3.874904135568695,3.1070075268089403,73.58702037179069,88.96069002069527
890,51167,14.688127872023253,3.832509344022954,3.059452605513872,66.05636307359497,89.83170644259026
891,51225,15.035303448216952,3.8775383232428475,3.130061511342559,62.12335824038667,74.445744829588
892,51284,18.527668001694373,4.304377771721991,2.7995853350622064,74.91848079743933,61.95273432853937
893,51342,6.927737395279922,2.6320595349041636,2.2036327390096497,68.44616840863306,69.47634487088634
894,51401,12.79138276525245,3.5765042660749686,2.883983848509638,64.74249455837963,72.54904131180298
895,51460,11.705142388130135,3.4212778881771846,2.8129064279823077,63.62526444245697,73.11138358610403
896,51518,14.921246116859809,3.8628028835108594,3.086047298564884,73.09059391337883,87.9502954399908
897,51577,14.010870943669982,3.743109795834205,3.0576282882538366,67.2678223415844,75.38013775639598
898,51635,14.40118867123832,3.794889810157644,3.007168710557212,68.58454953902412,73.5407501787948
899,51694,16.302576243450698,4.037644888230105,3.1258872038629013,104.19624012876336,96.00530590718154
900,51752,18.036422344107518,4.246930932344853,3.464267410802842,71.67449815454155,92.85076690829726
901,51811,10.820561882109882,3.2894622481660862,2.586694115289736,69.05653972945449,80.1500116665371
902,51870,9.531146765937372,3.087255539461768,2.5324314848789427,77.92096876550593,83.97226806091533
903,51928,15.751187133666093,3.968776528562183,2.946295882151995,61.38116421149989,62.55183839262449
904,51987,5.589295698718842,2.3641691349645106,2.013254554204856,117.43984899528328,93.96877212149501
905,52045,14.123742548236203,3.7581568019756975,2.9469218398400163,88.40765519520049,99.1156137684801
906,52104,10.122981081588684,3.181663257101336,2.500791078592192,96.18427225354583,87.51024913957075
907,52162,10.403974858146748,3.225519316039938,2.433823341034866,74.50479615412856,83.84421670227137
908,52220,10.506890309621172,3.2414333726950444,2.228751920362731,60.004859394381214,65.60850641722521
909,52278,10.198951092588832,3.193579667487384,2.2013715393412983,59.496528090305354,66.4138244644221
910,52335,13.75986829697657,3.7094296457779827,2.6381857595196676,87.93952531732225,83.97424575670115
911,52393,4.2205830959536925,2.0544057768497663,1.5438562955568134,49.122700313171336,56.59740706562303
912,52451,12.906783179228253,3.5926011717456547,2.825394991046629,67.88286666800342,73.77800852134884
913,52508,16.264537978372218,4.032931685309363,3.3315187978350727,57.93945735365343,61.338114486199814
914,52566,18.63291832431588,4.316586420346045,3.233937657874284,70.30299256248443,84.79322926142486
915,52623,17.365159737165442,4.167152473472196,3.217034194905024,72.02315361727666,89.94112487578477
916,52681,18.682374199741272,4.322311210422183,3.5800236519275828,71.60047303855166,89.27706435151651
917,52738,6.304967091483191,2.5109693529557844,2.100467441378655,55.60060874237615,60.34223936163517
918,52796,9.731167181048594,3.119481877018777,2.7354524792090205,114.71252332166858,113.67343006560799
919,52855,7.514551124508853,2.7412681599049833,2.4626546117051746,123.13273058525873,101.30503322744168
920,52913,17.27591863481106,4.156430997239225,3.1756746909833007,84.06197711426384,91.3358239871369
921,52972,9.075459723869823,3.012550368685945,2.784839201353608,73.2852421408844,80.76161362474323
922,53030,10.182334742172449,3.190977082677412,2.8870428550929774,78.73753241162666,103.56311446827802
923,53089,12.421349154608965,3.524393444921972,2.864889128907203,85.23637077740437,86.89341493259096
924,53148,17.217176648767236,4.149358582813401,3.360601357628184,82.30044141130246,94.32701249311317
925,53206,12.318769261655536,3.509810431014122,2.8578724204949966,55.15192390428941,63.39415876095773
926,53264,16.57284232500153,4.070975598674295,2.6257853734785157,81.16063881660867,75.25410222431145
927,53322,15.676349960437113,3.9593370607258374,3.376271331349369,72.3486713860579,89.65282266023479
928,53380,18.64703502895762,4.318221280684631,2.884512422607635,78.02369667709176,80.74511692899563
929,53439,9.534907931542435,3.0878646232538167,2.544936913504456,67.86498436011883,79.31028717763232
930,53498,17.893492456262692,4.230070029711411,3.069532200088641,76.19406170432796,92.23110690221365
931,53556,9.172211167142711,3.0285658597994383,2.5184544801496034,71.10930296892998,87.92053427107291
932,53613,6.77096018551437,2.602106874345166,2.165111549119288,66.86373901691918,68.19834721972818
933,53670,11.429055654812032,3.3806886361822843,2.659091334542165,57.80633335961228,61.768192850656945
934,53727,23.998346042642055,4.898810676341968,3.563445972631928,99.36532039069799,104.93447694579727
935,53785,8.914928426991306,2.985787739775101,2.672511931199039,82.2311363445858,92.74171644999143
936,53843,14.719740067046496,3.836631343645946,3.1002844117479977,81.19792506959041,86.5212408782428
937,53901,17.712177434113485,4.20858378009913,3.3474235739081166,63.22911195159776,80.19791333751563
938,53960,10.797881109821985,3.2860129503430118,2.7207987300315137,57.71391245521392,64.3551133055816
939,54018,16.461501663267004,4.057277617228947,3.0224081991780336,70.28856277158219,69.7510728694502
940,54076,9.141786321023051,3.0235387083718726,2.5323082112414372,67.03168794462627,76.9618570444682
941,54135,3.5763913751637024,1.8911349436684053,1.7088110535086705,66.45376319200386,65.6292926814908
942,54194,22.60741907486179,4.7547259726362565,3.5554253327637553,59.25708887939592,65.91830604319613
943,54253,47.07984195866934,6.861475202802189,6.321197551526143,66.53892159501203,95.19050624758898
944,54311,48.52260856133636,6.965817149576664,4.160787913209973,192.03636522507568,81.6280582293205
945,54369,6.999016936283145,2.6455655229616117,1.8538463946419657,52.13942984930529,50.286095034784765
946,54428,10.77320624841773,3.282256274031284,2.850054944697619,78.6222053709688,97.86594086269463
947,54486,10.424918811759406,3.228764285567995,2.610370208888382,61.94098800752093,75.33190401062369
948,54543,21.211057716898424,4.605546408071297,3.3967031163942782,69.19210051914271,84.44332490167142
949,54602,26.878976464956718,5.1844938484828695,3.889425928847314,71.76916892515877,77.73649460612472
950,54660,8.14664123582959,2.8542321622162397,2.302939565373757,67.49995277819633,79.20070867352649
951,54718,18.50955171743026,4.302272854832694,2.893636009321503,78.27048221935212,80.23223055253621
952,54776,9.449854987816659,3.0740616434640113,2.392518205297338,59.81295513243345,63.579320645740935
953,54835,9.533169173756196,3.087583063458568,2.8134893489431336,70.33723372357834,90.40189141667938
954,54892,15.98517754238034,3.998146763486846,2.9659400096210713,74.14850024052679,84.0957440542233
955,54950,16.23724104094464,4.029546009284997,2.921874140324538,73.04685350811346,87.49017355915639
956,55009,13.665502666684,3.696688067268322,3.017396637110552,71.37927528648618,86.28812149901687
957,55067,12.327345338505141,3.5110319478046823,2.460410687637854,67.87339827966494,75.27765280512894
958,55126,9.397529277429504,3.06553898644749,2.1212417435387954,59.26998989299575,60.699511051211196
959,55184,23.386279047716954,4.835936212122421,3.671679330797668,122.38931102658894,100.41533458471876
960,55243,9.62981306286921,3.103194009866159,2.390991737428298,66.03691465278156,72.10499001845947
961,55301,15.755231579257716,3.969286028904659,2.9889644299972673,65.38359690619022,80.86445495721401
962,55360,5.439699161562673,2.3323162653385308,2.042777324655015,55.325219209406654,67.87455331915481
963,55418,9.438214505993855,3.072167721006432,2.695013867849429,58.27057011566333,74.4958374513092
964,55475,13.133638837268347,3.6240362632385934,2.721727359715659,83.53816648632221,84.07181592483613
965,55533,11.117217713337213,3.334249197846078,2.542647353989162,63.56618384972905,74.92602166016458
966,55590,9.07447697699031,3.012387255481989,2.5157729266948787,83.85909755649595,87.5679698369447
967,55649,14.102228217440787,3.75529335970451,2.6005075646192197,62.77087224942943,74.8687411366024
968,55707,5.936784130693581,2.4365516884920746,2.132044831898823,142.13632212658823,104.33802547790371
969,55764,17.98128622176584,4.24043467368215,3.307810840950623,70.88166087751334,88.97926090730118
970,55822,14.244637028399818,3.774206807847156,3.069328867658185,69.16797448243797,83.73890245157918
971,55880,11.101404856497,3.3318770770388575,2.7977336739888092,74.31480071532775,91.64238429510219
972,55938,12.031543497191922,3.46865153873835,2.579835683835757,67.99566918636877,80.36528145312384
973,55996,16.1600653393554,4.019958375326217,2.944795089712937,70.41901301487458,79.16621532812862
974,56054,24.444386566061173,4.944126471487271,3.5396495941552644,98.12889963994792,102.34696533675182
975,56112,8.98924492285885,2.9982069513058716,2.5759605546673097,108.02415229250009,112.91117899102423
976,56171,10.673654002188247,3.267055861504092,2.71882513551341,57.67204832907233,64.32915995023205
977,56228,12.130431816288931,3.4828769453267987,2.875731086337984,72.71963666601799,86.84775682411448
978,56286,11.36222403149503,3.3707898230971076,2.733605395066915,72.45701047165318,84.57443510283281
979,56344,19.500240572969446,4.415907672604744,3.432840918983086,90.70514623329294,92.50367314955415
980,56402,4.33434673129351,2.0819093955533967,1.6623138647020095,42.89842231489057,44.31473591397364
981,56460,8.189470468865903,2.8617250861789474,2.2279093517271726,45.86872194732414,49.43932598582468
982,56518,2.553792457744797,1.5980589656657844,1.462658900988248,39.89069729967949,44.10010853717712
983,56576,13.46553548203253,3.669541590176153,3.1257569029128764,75.27332949871824,88.40593532838145
984,56634,15.540027996807238,3.9420842199028723,3.12743454546873,69.49854545486066,87.57750648576888
985,56692,11.421599239614569,3.379585660937531,2.636472550680318,72.10865095877793,77.74636259824548
986,56750,6.744991452956735,2.597112137154793,2.342423071099757,112.78333305295125,108.86330809200939
987,56808,15.585083708171725,3.947794790534549,3.4023925905674295,71.21286817466714,93.02293927063229
988,56866,19.32094178876151,4.395559326042763,3.1922570105727757,69.99066172913572,81.45418237786637
989,56925,41.74993224865042,6.461418748901082,5.167888811440121,82.386633225857,88.14117542100644
990,56982,13.442403879249955,3.6663883972173426,2.830869635085305,65.83417756012338,85.49176190933227
991,57039,14.458016211698947,3.802369815220364,3.1593751001307004,92.29635123977327,104.87895710038313
992,57096,7.381981975836698,2.7169803046464467,2.2938211683165717,76.4607056105524,81.4612078709922
993,57153,9.429758294212462,3.0707911511876644,2.48419557782577,65.6202605463411,77.89673258497396
994,57210,8.24223570605783,2.8709294150253557,2.2272451034420513,80.04162090494872,82.46948762060822
995,57267,20.24107188784378,4.499007878170895,3.4166489876472643,81.88662862956252,104.41981574463459
996,57325,17.915277406665453,4.232644257041389,3.3431471291152,75.0502416740147,97.11716562685963
997,57382,31.426855826303935,5.605966092147181,3.6371370480000658,140.79240185806708,96.67306223307286
998,57439,12.350966045710493,3.514394122136914,2.7137141099998154,73.06153373076427,77.88876019272529
999,57495,33.44434528491221,5.783108617768839,4.362039526934155,76.33569172134771,91.36615840658887
1000,57552,14.380234190920861,3.792127923860278,2.9353360285033085,100.32161110074598,92.35504284564378
